Date,Volatility
2012-01-04,0.027511596408375822
2012-01-05,0.02572893402540229
2012-01-06,0.02419831976139192
2012-01-09,0.022788685400169595
2012-01-10,0.02162864740247915
2012-01-11,0.020547601986408513
2012-01-12,0.019517291144017165
2012-01-13,0.01863240055696813
2012-01-17,0.017681818853090354
2012-01-18,0.01683669881571261
2012-01-19,0.016167179248051108
2012-01-20,0.015568465708246937
2012-01-23,0.015037127014254269
2012-01-24,0.014613482125364
2012-01-25,0.01418867051347145
2012-01-26,0.013852070947161364
2012-01-27,0.013608830684594628
2012-01-30,0.013348105686045532
2012-01-31,0.013191666154991323
2012-02-01,0.0131216599449747
2012-02-02,0.013015809511496895
2012-02-03,0.012926887213632627
2012-02-06,0.012823966281379601
2012-02-07,0.012581684441768482
2012-02-08,0.01233672804986287
2012-02-09,0.012145119064741215
2012-02-10,0.011963251887666103
2012-02-13,0.011858246285868197
2012-02-14,0.011852598234275024
2012-02-15,0.0118743015974366
2012-02-16,0.011843859794133816
2012-02-17,0.011852188827573152
2012-02-21,0.011907579384821738
2012-02-22,0.012035304604487191
2012-02-23,0.012081875881042058
2012-02-24,0.012176894043981376
2012-02-27,0.012315349436366928
2012-02-28,0.01243132320767432
2012-02-29,0.012440940583213895
2012-03-01,0.012466280258553427
2012-03-02,0.012252284536075242
2012-03-05,0.012113482367911562
2012-03-06,0.012061226189572742
2012-03-07,0.011973850312341766
2012-03-08,0.011965370110328154
2012-03-09,0.011803026577638515
2012-03-12,0.011746463633972193
2012-03-13,0.011727166045829747
2012-03-14,0.011741226616973249
2012-03-15,0.01177892180034802
2012-03-16,0.011643813294254365
2012-03-19,0.01150809081210792
2012-03-20,0.0114063161895638
2012-03-21,0.01128728063043923
2012-03-22,0.011278052672529112
2012-03-23,0.011261196988300831
2012-03-26,0.011133488921448812
2012-03-27,0.011029397910958985
2012-03-28,0.010967659353867672
2012-03-29,0.010922276588230704
2012-03-30,0.01094215535377665
2012-04-02,0.010978239652565067
2012-04-04,0.011064449520450414
2012-04-05,0.011141230979623568
2012-04-10,0.01126485035930704
2012-04-11,0.01132724521344257
2012-04-12,0.011383375092219414
2012-04-13,0.011518858662372499
2012-04-16,0.01172589475442446
2012-04-17,0.01180818051685758
2012-04-18,0.011932082021941032
2012-04-19,0.011958171884778872
2012-04-20,0.011976806887018129
2012-04-23,0.012066242745862174
2012-04-24,0.012111720264135225
2012-04-25,0.01217507197944493
2012-04-26,0.01228341536915939
2012-04-27,0.012377533741931594
2012-04-30,0.01251648365887473
2012-05-01,0.012748327332301933
2012-05-02,0.012980189492251796
2012-05-03,0.013225319073235493
2012-05-04,0.013474356824832633
2012-05-08,0.01339671077277612
2012-05-09,0.013369287580190646
2012-05-10,0.013350358022429445
2012-05-11,0.013372319502736988
2012-05-14,0.013527952006200336
2012-05-15,0.013583191956463143
2012-05-16,0.013705744982593679
2012-05-17,0.013854215114494351
2012-05-18,0.014088019966655093
2012-05-21,0.01431134069029301
2012-05-22,0.014622894417369784
2012-05-23,0.015016217413927764
2012-05-24,0.015220582947782653
2012-05-25,0.015522059877368042
2012-05-29,0.015930201867221806
2012-05-30,0.01646365063798836
2012-05-31,0.01676974913610903
2012-06-01,0.017142657412378717
2012-06-04,0.017055757706067817
2012-06-05,0.017074607596326705
2012-06-06,0.0171135373814296
2012-06-07,0.017068185226304346
2012-06-08,0.01714234625348376
2012-06-11,0.017073392343971417
2012-06-12,0.017070560924516046
2012-06-13,0.017032294576138488
2012-06-14,0.01710419190469937
2012-06-15,0.017224149571307013
2012-06-18,0.01740314771631223
2012-06-19,0.01756010748107147
2012-06-20,0.017769634893154043
2012-06-21,0.018043483060334438
2012-06-22,0.018006859394540366
2012-06-25,0.018047937931568298
2012-06-26,0.01819724526271738
2012-06-27,0.018303934275307653
2012-06-28,0.018443238666509255
2012-06-29,0.018574574684093677
2012-07-02,0.01852917095458348
2012-07-03,0.01847331924619337
2012-07-05,0.01816202639371464
2012-07-06,0.017870475107725253
2012-07-09,0.017387609650054897
2012-07-10,0.016968778796411194
2012-07-11,0.01662376364343458
2012-07-12,0.01636804009837742
2012-07-13,0.016232211717542216
2012-07-16,0.0159517592344225
2012-07-17,0.015787634911081108
2012-07-18,0.015578421907372885
2012-07-19,0.015333016268752248
2012-07-20,0.015082537183029881
2012-07-23,0.014914740721261102
2012-07-24,0.014546620361822027
2012-07-25,0.01428998739472762
2012-07-26,0.01404388956973837
2012-07-27,0.013648652358151367
2012-07-30,0.013283859199383335
2012-07-31,0.01301520905773864
2012-08-01,0.01280131921494408
2012-08-02,0.012618933263605433
2012-08-03,0.012489850951698932
2012-08-06,0.012272631621338612
2012-08-07,0.012113718696908953
2012-08-08,0.011836617482151403
2012-08-09,0.011575758597779527
2012-08-10,0.011425659193026934
2012-08-13,0.011352066927046134
2012-08-14,0.011249781496665433
2012-08-15,0.011202430705734923
2012-08-16,0.011080570197760143
2012-08-17,0.011013063043988238
2012-08-20,0.01097707805776625
2012-08-21,0.011001779373968453
2012-08-22,0.011076244863433215
2012-08-23,0.01121732781773142
2012-08-24,0.011328626029958294
2012-08-27,0.011426718133812621
2012-08-28,0.011427698306901008
2012-08-29,0.01144130444607729
2012-08-30,0.01150996343843078
2012-08-31,0.011625242841821423
2012-09-04,0.011742469495228579
2012-09-05,0.011855687762432432
2012-09-06,0.011972104789630776
2012-09-07,0.012114214305999082
2012-09-10,0.01227658511214178
2012-09-11,0.012482124572285746
2012-09-12,0.01277218973885458
2012-09-13,0.013119161000094793
2012-09-14,0.013459454802754083
2012-09-17,0.013846739543907697
2012-09-18,0.01434005989777439
2012-09-19,0.014615382329184351
2012-09-20,0.014540781820682823
2012-09-21,0.014488564601509352
2012-09-24,0.01439169900047689
2012-09-25,0.014271463889248914
2012-09-26,0.014159806808914398
2012-09-27,0.014000893400754885
2012-09-28,0.013799840115478265
2012-10-01,0.013668820657366468
2012-10-02,0.013561666961160696
2012-10-03,0.013526239247109084
2012-10-04,0.013318552645942719
2012-10-05,0.013130810007168339
2012-10-08,0.012893210211657674
2012-10-09,0.01272259602685916
2012-10-10,0.012536274998548166
2012-10-11,0.01231796966341822
2012-10-12,0.012151419502943362
2012-10-15,0.012017722823316052
2012-10-16,0.011952841183374835
2012-10-17,0.011971597326879413
2012-10-18,0.011967177869600837
2012-10-19,0.012032889285497235
2012-10-22,0.012109614184989398
2012-10-23,0.012071661871115236
2012-10-24,0.01194937844086038
2012-10-25,0.011890784160570574
2012-10-26,0.011890893379658663
2012-10-29,0.011896173978402397
2012-10-30,0.011992035494931942
2012-10-31,0.012145526238400137
2012-11-01,0.012367214617205361
2012-11-02,0.012608430917335572
2012-11-05,0.012750972937874727
2012-11-06,0.012942761472078922
2012-11-07,0.012881802881647588
2012-11-08,0.012820528659144625
2012-11-09,0.012791976990935403
2012-11-12,0.01277487280208301
2012-11-13,0.012707555378297286
2012-11-14,0.01263261970061801
2012-11-15,0.012603011738290613
2012-11-16,0.012625919186717577
2012-11-19,0.012461924456727098
2012-11-20,0.012043956494867232
2012-11-21,0.011744806450998535
2012-11-23,0.01147463420753855
2012-11-26,0.011279109915724
2012-11-27,0.011148400783737515
2012-11-28,0.011047550370609774
2012-11-29,0.010921726317004197
2012-11-30,0.010704632196749681
2012-12-03,0.010520616072840718
2012-12-04,0.010404684250489987
2012-12-05,0.010286927702470182
2012-12-06,0.010181028230517255
2012-12-07,0.010080407344075686
2012-12-10,0.010015549431072713
2012-12-11,0.009912703596852722
2012-12-12,0.009847499591097113
2012-12-13,0.009624923827610675
2012-12-14,0.009460899089110845
2012-12-17,0.00930779754334559
2012-12-18,0.00919280626586929
2012-12-19,0.009143018802991277
2012-12-20,0.009115297767656317
2012-12-21,0.009128105903473243
2012-12-24,0.009083617596864602
2012-12-26,0.00905889203557611
2012-12-27,0.008920132081803285
2012-12-28,0.008758371622939472
2012-12-31,0.008668021390467835
2013-01-02,0.008602128231062732
2013-01-03,0.0084012043837641
2013-01-04,0.008259454737235997
2013-01-07,0.008143404356763875
2013-01-08,0.008094475257626485
2013-01-09,0.008082690515795294
2013-01-10,0.00808940465418093
2013-01-11,0.008161529323737515
2013-01-14,0.008027509565836626
2013-01-15,0.007908152352169198
2013-01-16,0.007824219011294266
2013-01-17,0.007714837465568603
2013-01-18,0.0076399376836081105
2013-01-22,0.00759946199532752
2013-01-23,0.007521890867650633
2013-01-24,0.007473934899075467
2013-01-25,0.007402396572192721
2013-01-28,0.007326988589735548
2013-01-29,0.007265582094704245
2013-01-30,0.007172449884415228
2013-01-31,0.007118659896324859
2013-02-01,0.007092631950582692
2013-02-04,0.007130385036894244
2013-02-05,0.007176659372172852
2013-02-06,0.007204344090352714
2013-02-07,0.00727020075947525
2013-02-08,0.0073760450799411886
2013-02-11,0.007377609565448886
2013-02-12,0.007392734529633661
2013-02-13,0.007450339048028594
2013-02-14,0.007536475446331666
2013-02-15,0.007676697647109325
2013-02-19,0.007799338602950795
2013-02-20,0.007948533594299704
2013-02-21,0.008118220339919482
2013-02-22,0.008154001624546506
2013-02-25,0.008235757708234105
2013-02-26,0.008333655418786988
2013-02-27,0.008356113659704751
2013-02-28,0.008404787269507382
2013-03-01,0.008506782794831793
2013-03-04,0.008448917875658466
2013-03-05,0.00845657568449337
2013-03-06,0.008490090714570523
2013-03-07,0.008563848318329488
2013-03-08,0.008706658506242892
2013-03-11,0.008770632193590816
2013-03-12,0.00888498005522731
2013-03-13,0.009052454787884124
2013-03-14,0.009233952827971967
2013-03-15,0.009426070710054616
2013-03-18,0.009582115221780228
2013-03-19,0.009801269165273699
2013-03-20,0.009938450884728639
2013-03-21,0.010016599308165196
2013-03-22,0.01005488117218857
2013-03-25,0.010140950430329511
2013-03-26,0.010299884782311053
2013-03-27,0.010506495705032839
2013-03-28,0.010668517785338128
2013-04-01,0.010868126988416023
2013-04-02,0.01117582568120488
2013-04-03,0.011516475893174135
2013-04-04,0.011782747058420731
2013-04-05,0.011897855481259054
2013-04-08,0.011998767370652232
2013-04-09,0.012121702200591456
2013-04-10,0.012303315000923994
2013-04-11,0.01248451441485463
2013-04-12,0.01268088836499092
2013-04-15,0.012663762427958898
2013-04-16,0.012648975417557799
2013-04-17,0.012639504327185257
2013-04-18,0.012666103394110256
2013-04-19,0.012742847232810155
2013-04-22,0.012789368516171752
2013-04-23,0.012882562733716579
2013-04-24,0.01305630629236606
2013-04-25,0.01322971142641336
2013-04-26,0.01343178665578577
2013-04-29,0.013684906697467159
2013-04-30,0.014022576489177537
2013-05-01,0.014415541847028226
2013-05-02,0.014589248578823951
2013-05-03,0.014617734238481176
2013-05-06,0.014333502665548668
2013-05-07,0.014116170516249119
2013-05-08,0.01400800628995187
2013-05-09,0.013914687471282845
2013-05-10,0.013859087521148615
2013-05-13,0.013732561809617056
2013-05-14,0.013631981603920307
2013-05-15,0.013590104135584095
2013-05-16,0.013593418979418894
2013-05-17,0.013434660389050623
2013-05-20,0.01332451275562773
2013-05-21,0.01328822932383783
2013-05-22,0.013212451517758553
2013-05-23,0.013151630663659432
2013-05-24,0.013117540487647763
2013-05-28,0.013137235700553548
2013-05-29,0.012966468057423394
2013-05-30,0.012767852423646172
2013-05-31,0.012645125900610904
2013-06-03,0.012508645514909968
2013-06-04,0.012371942539266333
2013-06-05,0.01228225180740803
2013-06-06,0.012170365363532111
2013-06-07,0.012108254111071368
2013-06-10,0.012084079978133851
2013-06-11,0.012163550551309207
2013-06-12,0.012105083908541647
2013-06-13,0.01202421584188818
2013-06-14,0.01201191662768722
2013-06-17,0.011924983951255649
2013-06-18,0.011887238727610073
2013-06-19,0.011907050876291923
2013-06-20,0.011971025046043596
2013-06-21,0.011850854928533645
2013-06-24,0.011612375544789397
2013-06-25,0.01138158297111388
2013-06-26,0.011095745570578837
2013-06-27,0.01083371100755367
2013-06-28,0.010484042992772004
2013-07-01,0.010182689871081285
2013-07-02,0.009911687382695235
2013-07-03,0.00967410852695371
2013-07-05,0.009298300847250102
2013-07-08,0.00891743180257007
2013-07-09,0.00856924692824556
2013-07-10,0.00826865153825238
2013-07-11,0.008028627171642542
2013-07-12,0.007813179316337186
2013-07-15,0.007628823998864916
2013-07-16,0.0074577393515275385
2013-07-17,0.007330643074364565
2013-07-18,0.007272016359797952
2013-07-19,0.007240100047072691
2013-07-22,0.007255683002478805
2013-07-23,0.007279758122361558
2013-07-24,0.007341275701101267
2013-07-25,0.0073515495631209255
2013-07-26,0.007406179013393756
2013-07-29,0.007488728552693037
2013-07-30,0.007590120721075417
2013-07-31,0.007720668713078906
2013-08-01,0.007864011501837723
2013-08-02,0.007891805297738053
2013-08-05,0.007946646339021566
2013-08-06,0.008064324340132404
2013-08-07,0.008145548987760405
2013-08-08,0.008236107287107745
2013-08-09,0.008348936203476449
2013-08-12,0.008426006364116922
2013-08-13,0.00852360181035306
2013-08-14,0.008558364181652236
2013-08-15,0.008615368368302205
2013-08-16,0.008651351732258844
2013-08-19,0.008710807343419447
2013-08-20,0.008797213680560575
2013-08-21,0.00895044833050193
2013-08-22,0.009128994738002657
2013-08-23,0.009327569185712491
2013-08-26,0.009482517012448661
2013-08-27,0.009727207265222023
2013-08-28,0.009754519549412814
2013-08-29,0.009779673685483308
2013-08-30,0.009828175584270621
2013-09-03,0.009901821757791935
2013-09-04,0.010037142062077974
2013-09-05,0.010228480005109194
2013-09-06,0.010475019115049456
2013-09-09,0.010721691065175355
2013-09-10,0.010882995909302797
2013-09-11,0.010797535990652614
2013-09-12,0.010833324990541217
2013-09-13,0.01089015754084547
2013-09-16,0.011041471537197322
2013-09-17,0.011034132878781447
2013-09-18,0.010947951196749123
2013-09-19,0.010932404275863913
2013-09-20,0.010877565263022394
2013-09-23,0.010884501092140317
2013-09-24,0.01079095673030201
2013-09-25,0.010742787240319053
2013-09-26,0.010631253439923851
2013-09-27,0.010572550571677893
2013-09-30,0.010542633988943022
2013-10-01,0.010423580927540713
2013-10-02,0.010354188839603526
2013-10-03,0.010247387866895379
2013-10-04,0.010177718235014
2013-10-07,0.010144476156560172
2013-10-08,0.010167718925697733
2013-10-09,0.01024428335384858
2013-10-10,0.010271187545221324
2013-10-11,0.010113359031268136
2013-10-14,0.00995059639430846
2013-10-15,0.009890890363874246
2013-10-16,0.00986020658973003
2013-10-17,0.009837812328050219
2013-10-18,0.009808133977377998
2013-10-21,0.009818397375174108
2013-10-22,0.009906711903351845
2013-10-23,0.010063674433013514
2013-10-24,0.010136302119693066
2013-10-25,0.010190763928168147
2013-10-28,0.010281377901721466
2013-10-29,0.010164829214091706
2013-10-30,0.010120737309604074
2013-10-31,0.01013000101864882
2013-11-01,0.010166692862058244
2013-11-04,0.010119010272523956
2013-11-05,0.010057534844858636
2013-11-06,0.010079907341879394
2013-11-07,0.010144254505669333
2013-11-08,0.010018938746338552
2013-11-11,0.009922053194692824
2013-11-12,0.009729918751264091
2013-11-13,0.00956887971599665
2013-11-14,0.009477572449664762
2013-11-15,0.009327929375127457
2013-11-18,0.009270413445604534
2013-11-19,0.009243812550588464
2013-11-20,0.009250874356829418
2013-11-21,0.009271028255634564
2013-11-22,0.009242588544403857
2013-11-25,0.009194096930165523
2013-11-26,0.009130849003520168
2013-11-27,0.009069562350916082
2013-11-29,0.009033540733504217
2013-12-02,0.009048611546416544
2013-12-03,0.009095201158528554
2013-12-04,0.009096453291531663
2013-12-05,0.009139036319961167
2013-12-06,0.009145420738169577
2013-12-09,0.009221866507552192
2013-12-10,0.00923124988709064
2013-12-11,0.00921425902401271
2013-12-12,0.009244826785092041
2013-12-13,0.009303813670963439
2013-12-16,0.009367877687076932
2013-12-17,0.00928134639763472
2013-12-18,0.00916873573450994
2013-12-19,0.00910316266615388
2013-12-20,0.008997150548647621
2013-12-23,0.008860867570589561
2013-12-24,0.008772133519481373
2013-12-26,0.008716677210888457
2013-12-27,0.008720434297517166
2013-12-30,0.00875225299371427
2013-12-31,0.008741712433563888
2014-01-02,0.008752211097061827
2014-01-03,0.008632775897443913
2014-01-06,0.00847290454396301
2014-01-07,0.008357779247890646
2014-01-08,0.008286101766652756
2014-01-09,0.008246120431471951
2014-01-10,0.008268970605730334
2014-01-13,0.008275066597614152
2014-01-14,0.0081807200635512
2014-01-15,0.008112190820544476
2014-01-16,0.008002456348765235
2014-01-17,0.007925198671381938
2014-01-20,0.007824091239483447
2014-01-21,0.007772579652138811
2014-01-22,0.007657459446959196
2014-01-23,0.007607859518008159
2014-01-24,0.007597734960129357
2014-01-27,0.007601414075651106
2014-01-28,0.007623890475932492
2014-01-29,0.0077232917994086115
2014-01-30,0.007839106017203418
2014-01-31,0.007981413624635503
2014-02-03,0.008078250702150413
2014-02-04,0.008069453856554158
2014-02-05,0.008104134725345458
2014-02-06,0.0082020495873833
2014-02-07,0.00823180185096641
2014-02-10,0.008142620631749956
2014-02-11,0.008075753492250546
2014-02-12,0.008007839014897286
2014-02-13,0.007994914013032324
2014-02-14,0.00799203977593555
2014-02-18,0.008035679793406119
2014-02-19,0.008024816952986097
2014-02-20,0.008038718081978983
2014-02-21,0.008044864897393098
2014-02-24,0.00809467338450705
2014-02-25,0.008144106444537873
2014-02-26,0.008211799034526339
2014-02-27,0.008350871904034367
2014-02-28,0.00848569512206144
2014-03-03,0.008662680660805343
2014-03-04,0.008652726081267813
2014-03-05,0.008509221782065762
2014-03-06,0.008383910317938975
2014-03-07,0.008316049110889534
2014-03-10,0.008221550339035643
2014-03-11,0.00811875065727464
2014-03-12,0.008063048824950628
2014-03-13,0.008033430997687684
2014-03-14,0.008036291579839889
2014-03-17,0.008030928377184776
2014-03-18,0.008028840470548457
2014-03-19,0.008082746488355712
2014-03-20,0.008132531736762604
2014-03-21,0.008217020588761786
2014-03-24,0.008238167288537053
2014-03-25,0.00827418427883772
2014-03-26,0.008345585800223704
2014-03-27,0.00842056324056466
2014-03-28,0.008525076011477818
2014-03-31,0.008642805441343434
2014-04-01,0.00880023486343482
2014-04-02,0.008990641030739448
2014-04-03,0.009027282276028144
2014-04-04,0.008995953652028876
2014-04-07,0.008901202473511168
2014-04-08,0.008712276835567538
2014-04-09,0.008542762065187018
2014-04-10,0.008285363175747703
2014-04-11,0.008084262612210008
2014-04-14,0.007932482355670099
2014-04-15,0.007804162167853077
2014-04-16,0.00761027523378339
2014-04-17,0.0074712290525233175
2014-04-21,0.007378557755210587
2014-04-22,0.007315721688607881
2014-04-23,0.007203562649171593
2014-04-24,0.00712287220694219
2014-04-25,0.006976316075677334
2014-04-28,0.00689214854125091
2014-04-29,0.006828088973585231
2014-04-30,0.006756972686768594
2014-05-01,0.006636349357920605
2014-05-02,0.006546645334967322
2014-05-05,0.006431989014904797
2014-05-06,0.006378005391313428
2014-05-07,0.00627026390931392
2014-05-08,0.006191916698741558
2014-05-09,0.006136292312548412
2014-05-12,0.006131450756032645
2014-05-13,0.0061390819639600925
2014-05-14,0.006183386382250482
2014-05-15,0.006185045428152001
2014-05-16,0.006229938504682252
2014-05-19,0.006194011998416469
2014-05-20,0.0062046307291844785
2014-05-21,0.006238660776821645
2014-05-22,0.006247068826067619
2014-05-23,0.006266313908329303
2014-05-26,0.006286781740396296
2014-05-27,0.006348378738428985
2014-05-28,0.006447403408012536
2014-05-29,0.006524586822648352
2014-05-30,0.006582800884717177
2014-06-02,0.0066207156311908185
2014-06-03,0.0067060139155153825
2014-06-04,0.0068351591178298894
2014-06-05,0.00699435194610727
2014-06-06,0.0071627971496578124
2014-06-09,0.007342781548461394
2014-06-10,0.007453674298246838
2014-06-11,0.007500169618049982
2014-06-12,0.007541771601039422
2014-06-13,0.007444403716806448
2014-06-16,0.007326453697481543
2014-06-17,0.0072567241759903854
2014-06-18,0.007206705883772838
2014-06-19,0.007182281144601806
2014-06-20,0.0071238347767215325
2014-06-23,0.007087505003643983
2014-06-24,0.007042219400569655
2014-06-25,0.007032894489665922
2014-06-26,0.0070149279478480256
2014-06-27,0.007033963644496316
2014-06-30,0.00709448930929181
2014-07-01,0.0070756178019516025
2014-07-02,0.007081878391702458
2014-07-03,0.007109574572100428
2014-07-07,0.007076747462311288
2014-07-08,0.007059148443319867
2014-07-09,0.00704470673063688
2014-07-10,0.007006279946145594
2014-07-11,0.0069876685768347525
2014-07-14,0.006990308171640735
2014-07-15,0.006967297468782663
2014-07-16,0.0069655690227455516
2014-07-17,0.006973619779272946
2014-07-18,0.006997988978068576
2014-07-21,0.007035109709916234
2014-07-22,0.007157060137951679
2014-07-23,0.007232209410283461
2014-07-24,0.007350000063864426
2014-07-25,0.007427102178485861
2014-07-28,0.007471489189071491
2014-07-29,0.007538081615922956
2014-07-30,0.007661873383067834
2014-07-31,0.0077920203804343864
2014-08-01,0.007845543830825733
2014-08-04,0.00782871200886911
2014-08-05,0.007847438612497782
2014-08-06,0.007882289147876127
2014-08-07,0.007835540972095092
2014-08-08,0.007819917383591569
2014-08-11,0.007821392174024526
2014-08-12,0.007883882355739863
2014-08-13,0.007818443236722431
2014-08-14,0.007779565035630982
2014-08-15,0.007707129229934773
2014-08-18,0.0076807169924154005
2014-08-19,0.007515631581545845
2014-08-20,0.007389916631930362
2014-08-21,0.00732063805245253
2014-08-22,0.007255726698415121
2014-08-25,0.007230034395434387
2014-08-26,0.007258859961866737
2014-08-27,0.007341823293560118
2014-08-28,0.0074344770158338794
2014-08-29,0.007557717675879863
2014-09-02,0.007701209490315376
2014-09-03,0.007846053310663065
2014-09-04,0.008019655906778934
2014-09-05,0.008218944337940133
2014-09-08,0.008302007592932507
2014-09-09,0.008433848489521901
2014-09-10,0.008519735256066136
2014-09-11,0.008456489798111706
2014-09-12,0.008403734363530101
2014-09-15,0.008410133411865516
2014-09-16,0.00846616803232864
2014-09-17,0.008510921450379343
2014-09-18,0.008611313857230364
2014-09-19,0.008723820281883768
2014-09-22,0.008864454973428679
2014-09-23,0.008962203959402879
2014-09-24,0.00907025067696001
2014-09-25,0.009223651778475972
2014-09-26,0.009410773857118578
2014-09-29,0.009648796580109803
2014-09-30,0.009937156153603256
2014-10-01,0.010206665879126064
2014-10-02,0.010542519807062996
2014-10-03,0.010594714128936129
2014-10-06,0.010665371590109267
2014-10-07,0.010815219647799343
2014-10-08,0.010978680943342556
2014-10-09,0.011194973068635258
2014-10-10,0.011471579366189545
2014-10-13,0.011685645763457778
2014-10-14,0.011931956203589814
2014-10-15,0.012094163231150099
2014-10-16,0.012089340764373903
2014-10-17,0.012156718340599108
2014-10-20,0.012182766844423728
2014-10-21,0.012222625427149265
2014-10-22,0.01236544587815034
2014-10-23,0.01241453635772874
2014-10-24,0.012503951078376032
2014-10-27,0.012673621008758261
2014-10-28,0.01290710999182806
2014-10-29,0.013242977626801829
2014-10-30,0.013519767464836867
2014-10-31,0.013802462495174344
2014-11-03,0.014127333913210773
2014-11-04,0.014463088627754672
2014-11-05,0.014549359081877735
2014-11-06,0.014694121347420245
2014-11-07,0.014899802535378173
2014-11-10,0.015077361509756219
2014-11-11,0.015346935331146012
2014-11-12,0.015503455242280193
2014-11-13,0.015738686456104527
2014-11-14,0.015787971258385047
2014-11-17,0.015948959644394106
2014-11-18,0.01611096728006938
2014-11-19,0.016407616762244222
2014-11-20,0.01674529954558739
2014-11-21,0.017270832069555497
2014-11-24,0.017727778630014145
2014-11-25,0.018305391248694486
2014-11-26,0.01871923457394588
2014-11-28,0.019317791888020158
2014-12-01,0.019304307234869304
2014-12-02,0.019277637970089117
2014-12-03,0.019397215403868656
2014-12-04,0.01957366864680294
2014-12-05,0.01968489530346574
2014-12-08,0.019917127012021172
2014-12-09,0.01993333233827137
2014-12-10,0.02003720872068102
2014-12-11,0.019833529159588276
2014-12-12,0.019823279199045817
2014-12-15,0.01964054553803866
2014-12-16,0.019563175517287645
2014-12-17,0.019516749385834982
2014-12-18,0.01957991693827584
2014-12-19,0.019658128287731835
2014-12-22,0.01979445386221161
2014-12-23,0.020033227078005155
2014-12-24,0.02038332572332638
2014-12-26,0.020814481469022626
2014-12-29,0.02134495646164167
2014-12-30,0.021894496184207475
2014-12-31,0.02231580842065912
2015-01-02,0.02289609363009393
2015-01-05,0.023600384326378007
2015-01-06,0.02355571275673429
2015-01-07,0.023601783559227527
2015-01-08,0.023626816029862517
2015-01-09,0.023822150893454633
2015-01-12,0.023784403600213274
2015-01-13,0.02389775869909711
2015-01-14,0.02376945728807899
2015-01-15,0.02368690675337321
2015-01-16,0.02344323110917627
2015-01-20,0.023330678775654565
2015-01-21,0.023239896647717702
2015-01-22,0.023375475306810563
2015-01-23,0.023558002662897877
2015-01-26,0.02387947418538252
2015-01-27,0.024270908377244174
2015-01-28,0.024613003049252537
2015-01-29,0.02525302119715285
2015-01-30,0.025988523251809934
2015-02-02,0.026794489992606082
2015-02-03,0.026941444769826826
2015-02-04,0.026766149583832773
2015-02-05,0.026849782105468584
2015-02-06,0.0269200818574337
2015-02-09,0.02710030868330308
2015-02-10,0.02744125331716959
2015-02-11,0.027785993012070423
2015-02-12,0.027913147486106776
2015-02-13,0.027741957127028257
2015-02-16,0.027119819125762938
2015-02-17,0.026589071446504436
2015-02-18,0.02612186496998516
2015-02-19,0.025834020131789544
2015-02-20,0.025363540450636532
2015-02-23,0.024854151856464692
2015-02-24,0.02436807041473648
2015-02-25,0.024035197774497325
2015-02-26,0.023814568870886163
2015-02-27,0.023584152527247042
2015-03-02,0.023389342034866065
2015-03-03,0.023286473405638015
2015-03-04,0.023306423982533735
2015-03-05,0.023213095925390052
2015-03-06,0.023176992861242446
2015-03-09,0.023100238935978127
2015-03-10,0.023122427223004487
2015-03-11,0.02295111907083907
2015-03-12,0.022852506540530296
2015-03-13,0.02286026679301424
2015-03-16,0.022744091796313905
2015-03-17,0.022243903252053672
2015-03-18,0.021902320894037767
2015-03-19,0.021652400931747338
2015-03-20,0.02149244149936005
2015-03-23,0.02134543365422688
2015-03-24,0.021344647150135235
2015-03-25,0.021413402560905962
2015-03-26,0.02162750641200324
2015-03-27,0.021468109710793454
2015-03-30,0.021392806379817626
2015-03-31,0.020995764206287907
2015-04-01,0.02075816121177629
2015-04-02,0.020273194803959216
2015-04-06,0.019938848826911142
2015-04-07,0.019754537560436013
2015-04-08,0.019376365438490223
2015-04-09,0.018985677992121582
2015-04-10,0.01865720735338026
2015-04-13,0.01839544843734745
2015-04-14,0.018239503818788486
2015-04-15,0.01815234067980492
2015-04-16,0.017963197515498245
2015-04-17,0.01780041137043027
2015-04-20,0.017656142039290095
2015-04-21,0.01758470394013759
2015-04-22,0.017471003409888455
2015-04-23,0.01748743611136559
2015-04-24,0.017204373969704125
2015-04-27,0.017003401057746156
2015-04-28,0.016901600935250432
2015-04-29,0.016863999617881095
2015-04-30,0.01682115026563448
2015-05-01,0.016847439291905644
2015-05-04,0.01695278980597799
2015-05-05,0.01709996188836638
2015-05-06,0.017344869922786412
2015-05-07,0.017669299538517
2015-05-08,0.017879808893379482
2015-05-11,0.018109079889557195
2015-05-12,0.0183959309810076
2015-05-13,0.018493292177589965
2015-05-14,0.01855712655664695
2015-05-15,0.018725553791084988
2015-05-18,0.01893367549702084
2015-05-19,0.0192258973364156
2015-05-20,0.019363160361796743
2015-05-21,0.01972103438181192
2015-05-22,0.02006335657858583
2015-05-26,0.02045226533617402
2015-05-27,0.02047596472680349
2015-05-28,0.020650333806570255
2015-05-29,0.02074689402026373
2015-06-01,0.020466248766271383
2015-06-02,0.020367245949436254
2015-06-03,0.020386520343156554
2015-06-04,0.020514265097263083
2015-06-05,0.020387771281197925
2015-06-08,0.020416207495490557
2015-06-09,0.02046198883290465
2015-06-10,0.02033266794138752
2015-06-11,0.020159013194360347
2015-06-12,0.020086397296482355
2015-06-15,0.020083935761744404
2015-06-16,0.01987657886668022
2015-06-17,0.019829705021407813
2015-06-18,0.019843038439651635
2015-06-19,0.019925152774411297
2015-06-22,0.019895092561141817
2015-06-23,0.019847189959589454
2015-06-24,0.0198303056095669
2015-06-25,0.019935977227771073
2015-06-26,0.02001194890232528
2015-06-29,0.020200174586408815
2015-06-30,0.02040834549148389
2015-07-01,0.020603378866902874
2015-07-02,0.02074103818654585
2015-07-03,0.02102825979998245
2015-07-06,0.02099954191310326
2015-07-07,0.0208209166813891
2015-07-08,0.020308409468840043
2015-07-09,0.019904155479143888
2015-07-10,0.019269868895783925
2015-07-13,0.018748799813022535
2015-07-14,0.018367482639099965
2015-07-15,0.018029336566264473
2015-07-16,0.017812381303983514
2015-07-17,0.017740516642930478
2015-07-20,0.01768863584606447
2015-07-21,0.017765507900533512
2015-07-22,0.01785010626215865
2015-07-23,0.01807546676770525
2015-07-24,0.01832855903740821
2015-07-27,0.018514592257787024
2015-07-28,0.0188214963518142
2015-07-29,0.01917290457352267
2015-07-30,0.01963800085188032
2015-07-31,0.02019496010714429
2015-08-03,0.02074733422286139
2015-08-04,0.02071627220336485
2015-08-05,0.020764051764688114
2015-08-06,0.021016151278720294
2015-08-07,0.021127423967917287
2015-08-10,0.021381683895503975
2015-08-11,0.021659915167761758
2015-08-12,0.021981601470963893
2015-08-13,0.022314647742387943
2015-08-14,0.022749647641595386
2015-08-17,0.02333707288000051
2015-08-18,0.024064627468607217
2015-08-19,0.024889879624543663
2015-08-20,0.02574643512669592
2015-08-21,0.026739469472213596
2015-08-24,0.027628006850574535
2015-08-25,0.028254672096955105
2015-08-26,0.028933149489599616
2015-08-27,0.029807291219220402
2015-08-28,0.0303496000951985
2015-09-01,0.03038610261800973
2015-09-02,0.030538734576928128
2015-09-03,0.030775746149541153
2015-09-04,0.03066128408410862
2015-09-07,0.030471261483493918
2015-09-08,0.03003591897651817
2015-09-09,0.02936046646076342
2015-09-10,0.028760313458704886
2015-09-11,0.028444209736498513
2015-09-14,0.028130064395355966
2015-09-15,0.027827265757136628
2015-09-16,0.02777002076207583
2015-09-17,0.02711754982266074
2015-09-18,0.026660889823976318
2015-09-21,0.026091646269407652
2015-09-22,0.025746499604467413
2015-09-23,0.02548390845540442
2015-09-24,0.02517855769268679
2015-09-25,0.024906896575337668
2015-09-28,0.02480211128762227
2015-09-29,0.024566982439993647
2015-09-30,0.024300499444868777
2015-10-01,0.02417322601365828
2015-10-02,0.024171440518342923
2015-10-05,0.024227149077848453
2015-10-06,0.023810985789396798
2015-10-07,0.02325323552548591
2015-10-08,0.022792481023147525
2015-10-09,0.02244693230163358
2015-10-12,0.022281516525593646
2015-10-13,0.022141917355332493
2015-10-14,0.021745306202009013
2015-10-15,0.021390326169140085
2015-10-16,0.021124176931388617
2015-10-19,0.020862947454355713
2015-10-20,0.020506961780960935
2015-10-21,0.0202255246190972
2015-10-22,0.020082634631571082
2015-10-23,0.020096957290131376
2015-10-26,0.020133175141260173
2015-10-27,0.02024567739547554
2015-10-28,0.020398902376170692
2015-10-29,0.020229587963091968
2015-10-30,0.02013833427029406
2015-11-02,0.020204862796008267
2015-11-03,0.020355141453321107
2015-11-04,0.0205895821748292
2015-11-05,0.02086215103812043
2015-11-06,0.021232858343322638
2015-11-09,0.02159783050903801
2015-11-10,0.021990157491238612
2015-11-11,0.02240211134035875
2015-11-12,0.022627527551528318
2015-11-13,0.023074688439017835
2015-11-16,0.022924969502097783
2015-11-17,0.022532369450926525
2015-11-18,0.02218346942230455
2015-11-19,0.021924058675519498
2015-11-20,0.021747419763993747
2015-11-23,0.021607801881778115
2015-11-24,0.02137216546835585
2015-11-25,0.021316801963008985
2015-11-26,0.021203923023699677
2015-11-27,0.021177754975990136
2015-11-30,0.021294344710514942
2015-12-01,0.021415430582881787
2015-12-02,0.021617999865204462
2015-12-03,0.021839891667651476
2015-12-04,0.02216775890979462
2015-12-07,0.02251254666611389
2015-12-08,0.02258792614496998
2015-12-09,0.022773521025316115
2015-12-10,0.023113976382766587
2015-12-11,0.023537045699799503
2015-12-14,0.023672841449836286
2015-12-15,0.024006761493889646
2015-12-16,0.024207206656126048
2015-12-17,0.024492626190612505
2015-12-18,0.024792230854497454
2015-12-21,0.025188831087422592
2015-12-22,0.025447767072633052
2015-12-23,0.02579241747734622
2015-12-24,0.026247802249774483
2015-12-28,0.026591976198638005
2015-12-29,0.027067013352474117
2015-12-30,0.027691137512407978
2015-12-31,0.028394897494509616
2016-01-04,0.029027027010955466
2016-01-05,0.029782958642729132
2016-01-06,0.03062194917571856
2016-01-07,0.03128507160544035
2016-01-08,0.032118148727820796
2016-01-11,0.03268152654397307
2016-01-12,0.032935979649605145
2016-01-13,0.03318978795206952
2016-01-14,0.03358683084560227
2016-01-15,0.0342374904941182
2016-01-18,0.03511630638657637
2016-01-19,0.03571853122463361
2016-01-20,0.036565071842528336
2016-01-21,0.03718791014790358
2016-01-22,0.0375927270306925
2016-01-25,0.03721082149726622
2016-01-26,0.03698618689284874
2016-01-27,0.036808635821482534
2016-01-28,0.03661511444479951
2016-01-29,0.03639149343121427
2016-02-01,0.03668142485617639
2016-02-02,0.03686356909812353
2016-02-03,0.0368581084490815
2016-02-04,0.036770335617729834
2016-02-05,0.03692776312187342
2016-02-08,0.037147840146899445
2016-02-09,0.037617244863972464
2016-02-10,0.03792728585458747
2016-02-11,0.03834679239857635
2016-02-12,0.03894141502472475
2016-02-16,0.038784636011748225
2016-02-17,0.038658505217107696
2016-02-18,0.03835128111440292
2016-02-19,0.03818831451055749
2016-02-22,0.03793513608098505
2016-02-23,0.037516620215623915
2016-02-24,0.036736134935205444
2016-02-25,0.03635147748355109
2016-02-26,0.03592004864449359
2016-02-29,0.03481759240188039
2016-03-01,0.03403276405540257
2016-03-02,0.03328580533559611
2016-03-03,0.03275982484245887
2016-03-04,0.03232546702935454
2016-03-07,0.03165758048924084
2016-03-08,0.03095254380838069
2016-03-09,0.030401685179228064
2016-03-10,0.029927474083691615
2016-03-11,0.02928679430840784
2016-03-14,0.028776126896570497
2016-03-15,0.02812796686679925
2016-03-16,0.02771637537703011
2016-03-17,0.02732403541853245
2016-03-18,0.026917961253543992
2016-03-21,0.026737149489331636
2016-03-22,0.026495752736503456
2016-03-23,0.02643165402473848
2016-03-24,0.026188290963906798
2016-03-28,0.025982784476593097
2016-03-29,0.025920543139424768
2016-03-30,0.025735263235832785
2016-03-31,0.02560540152059749
2016-04-01,0.025682010181274577
2016-04-04,0.02589996189127436
2016-04-05,0.026246404790077678
2016-04-06,0.02681316454542094
2016-04-07,0.027037357472958594
2016-04-08,0.02728744846846453
2016-04-11,0.02676038351598157
2016-04-12,0.02630575817833844
2016-04-13,0.025897558828755083
2016-04-14,0.025539455421266465
2016-04-15,0.025398129019025658
2016-04-18,0.024997169235058434
2016-04-19,0.02467573486250794
2016-04-20,0.024356491551144215
2016-04-21,0.024173898801756633
2016-04-22,0.024023205463962086
2016-04-25,0.024042663004066708
2016-04-26,0.0241275758075159
2016-04-27,0.024163002075893395
2016-04-28,0.024280341464128517
2016-04-29,0.024359071884472516
2016-05-02,0.02458976525585102
2016-05-03,0.025011765581784765
2016-05-04,0.024917402964051993
2016-05-05,0.024980311952185034
2016-05-06,0.02497694244747982
2016-05-09,0.025126767999759415
2016-05-10,0.02494521999389746
2016-05-11,0.02464237787999026
2016-05-12,0.024024986873738788
2016-05-13,0.02351687279775606
2016-05-16,0.02308783721451952
2016-05-17,0.02260059963296333
2016-05-18,0.022214371450967888
2016-05-19,0.021950396875445963
2016-05-20,0.02154949554562316
2016-05-23,0.021016384800498902
2016-05-24,0.020541105911183768
2016-05-25,0.020120383387069066
2016-05-26,0.01980155515749626
2016-05-27,0.01951586976070627
2016-05-31,0.019294136749148573
2016-06-01,0.019176843088167205
2016-06-02,0.01916652937285612
2016-06-03,0.01925672431634139
2016-06-06,0.019370259452125418
2016-06-07,0.019611205686095038
2016-06-08,0.019872019637624947
2016-06-09,0.02014614834609659
2016-06-10,0.02049978801716702
2016-06-13,0.020910852870904426
2016-06-14,0.021375279190827375
2016-06-15,0.021811251165639232
2016-06-16,0.022320590337619847
2016-06-17,0.022659988606628576
2016-06-20,0.023019966971343803
2016-06-21,0.02310508264798483
2016-06-22,0.023354844479566577
2016-06-23,0.023644715955734485
2016-06-24,0.024129576588367736
2016-06-27,0.024322758822138392
2016-06-28,0.02433690670958459
2016-06-29,0.02439763075341419
2016-06-30,0.024186190487739002
2016-07-01,0.024118421582329668
2016-07-04,0.024188256415919172
2016-07-05,0.024338429291064296
2016-07-06,0.024176443704619834
2016-07-07,0.024148382417541667
2016-07-08,0.02427631796600263
2016-07-11,0.024315736134670543
2016-07-12,0.0243942145862924
2016-07-13,0.02411347424251094
2016-07-14,0.023560437435057317
2016-07-15,0.02295459511264391
2016-07-18,0.02246908402226985
2016-07-19,0.022005862185070415
2016-07-20,0.02168127268120794
2016-07-21,0.021510610042427825
2016-07-22,0.02130624469982193
2016-07-25,0.021145767476170533
2016-07-26,0.021107509610685905
2016-07-27,0.0211758093519846
2016-07-28,0.021247764425015015
2016-07-29,0.021346090862695895
2016-08-01,0.021308863247271454
2016-08-02,0.02133717271980088
2016-08-03,0.021531938028771964
2016-08-04,0.021852337893113725
2016-08-05,0.02216998860499643
2016-08-08,0.022414468013312313
2016-08-09,0.022694435730733205
2016-08-10,0.023115618214342222
2016-08-11,0.023432321846624013
2016-08-12,0.023447288992492932
2016-08-15,0.023412701259163213
2016-08-16,0.02310259637075558
2016-08-17,0.022922418869877906
2016-08-18,0.022802386619599223
2016-08-19,0.022728652367159333
2016-08-22,0.02284450447922704
2016-08-23,0.022904738370067058
2016-08-24,0.02299711784006357
2016-08-25,0.023121506606049953
2016-08-26,0.023058047030326007
2016-08-29,0.023091106208088658
2016-08-30,0.023320436060709465
2016-08-31,0.023397052530036724
2016-09-01,0.023596589209186256
2016-09-02,0.02330175911190142
2016-09-05,0.022966667395667936
2016-09-06,0.022723387197499896
2016-09-07,0.02258137011420665
2016-09-08,0.022497125935498838
2016-09-09,0.02217446358547436
2016-09-12,0.021846072452568883
2016-09-13,0.021581902993413178
2016-09-14,0.021257443710454953
2016-09-15,0.02092624404306278
2016-09-16,0.020734198982223097
2016-09-19,0.020617789831325287
2016-09-20,0.020539709415019168
2016-09-21,0.02051317546294357
2016-09-22,0.020533348641367657
2016-09-23,0.020478127784017964
2016-09-26,0.0204963933921381
2016-09-27,0.020715312596983178
2016-09-28,0.020653165753105707
2016-09-29,0.02062104879054229
2016-09-30,0.020068590480624603
2016-10-03,0.019631403986906968
2016-10-04,0.019349609244775412
2016-10-05,0.019127959703501958
2016-10-06,0.018973724710402578
2016-10-07,0.018935983294173148
2016-10-10,0.018910261044470925
2016-10-11,0.018860471406272193
2016-10-12,0.01878366822889922
2016-10-13,0.01872978964639845
2016-10-14,0.018805761209565428
2016-10-17,0.01892819627762106
2016-10-18,0.019168141333325714
2016-10-19,0.019385995278480138
2016-10-20,0.019349105231370217
2016-10-21,0.019231641523346207
2016-10-24,0.01921582801518958
2016-10-25,0.019291047458244632
2016-10-26,0.019446454788773125
2016-10-27,0.019711713992611717
2016-10-28,0.020059361050466244
2016-10-31,0.020306410883276508
2016-11-01,0.02038061322009876
2016-11-02,0.020606558055363464
2016-11-03,0.0206492307381979
2016-11-04,0.0208281622034667
2016-11-07,0.021030978269631226
2016-11-08,0.02127442589573655
2016-11-09,0.02166660181497985
2016-11-10,0.022086793314152944
2016-11-11,0.02265561602752932
2016-11-14,0.022910149856685293
2016-11-15,0.023341186324543836
2016-11-16,0.023335855904393327
2016-11-17,0.02335622227440255
2016-11-18,0.023498141598069257
2016-11-21,0.023710162749320945
2016-11-22,0.023829997133263812
2016-11-23,0.024086114133434602
2016-11-24,0.02447157208034112
2016-11-25,0.024883112398311515
2016-11-28,0.02523771091973084
2016-11-29,0.025805801846913733
2016-11-30,0.026115656040696995
2016-12-01,0.025871932610936243
2016-12-02,0.024931830895042827
2016-12-05,0.024221772019753587
2016-12-06,0.02355990549814501
2016-12-07,0.022945382350014483
2016-12-08,0.02246514478240613
2016-12-09,0.022215243509090734
2016-12-12,0.021964102278757593
2016-12-13,0.02154667571062532
2016-12-14,0.021245253351762458
2016-12-15,0.020991346652051157
2016-12-16,0.02068304836137274
2016-12-19,0.020142345920075626
2016-12-20,0.019606686237258152
2016-12-21,0.019139450260917002
2016-12-22,0.018521830876368738
2016-12-23,0.017939809823744393
2016-12-28,0.01747929738736333
2016-12-29,0.01699423025726563
2016-12-30,0.01667800069071297
2017-01-03,0.01637524863636531
2017-01-04,0.016220915601206108
2017-01-05,0.01612383893884619
2017-01-06,0.016108039910585594
2017-01-09,0.016111473968335007
2017-01-10,0.01596227374186393
2017-01-11,0.015678163863593747
2017-01-12,0.015483405324689543
2017-01-13,0.015263310627964889
2017-01-16,0.015173386665629078
2017-01-17,0.015164697893411487
2017-01-18,0.015184942980453043
2017-01-19,0.015206878216430212
2017-01-20,0.015261497089433642
2017-01-23,0.015077193275674711
2017-01-24,0.014977588819945918
2017-01-25,0.014984649109527522
2017-01-26,0.015030685775717355
2017-01-27,0.014899928964694345
2017-01-30,0.01472576507563511
2017-01-31,0.014627713042853234
2017-02-01,0.014613380984837969
2017-02-02,0.014627041642168782
2017-02-03,0.0147120108644775
2017-02-06,0.01487828472266212
2017-02-07,0.015044474414197193
2017-02-08,0.015142894824511458
2017-02-09,0.015246457023465236
2017-02-10,0.015405060168236798
2017-02-13,0.015483144727724782
2017-02-14,0.01554555015600567
2017-02-15,0.015578426760811968
2017-02-16,0.015692220991936442
2017-02-17,0.015856352679708648
2017-02-20,0.016119147798363258
2017-02-21,0.016412273299227915
2017-02-22,0.016680338406976847
2017-02-23,0.016853794012350657
2017-02-24,0.017013387028581645
2017-02-27,0.01712216333699391
2017-02-28,0.017374505015139187
2017-03-01,0.017570384392097693
2017-03-02,0.01735427369644774
2017-03-03,0.017000797806607966
2017-03-06,0.01676500510060891
2017-03-07,0.016601994404854884
2017-03-08,0.016555271497776487
2017-03-09,0.016400287627124022
2017-03-10,0.015785043561284292
2017-03-13,0.015312790931975686
2017-03-14,0.014851211000462971
2017-03-15,0.014483140557360287
2017-03-16,0.014011845300725549
2017-03-17,0.013709810132496435
2017-03-20,0.013450999328249962
2017-03-21,0.013285842621109564
2017-03-22,0.013132739140957767
2017-03-23,0.0129821485126352
2017-03-24,0.01283168861894607
2017-03-27,0.012751970262489483
2017-03-28,0.012750189427854918
2017-03-29,0.01277417598422451
2017-03-30,0.01276546311174788
2017-03-31,0.012725174038344158
2017-04-03,0.012744376707781545
2017-04-04,0.012831121713093387
2017-04-05,0.012812130829318322
2017-04-06,0.01284628905329162
2017-04-07,0.012915296229004471
2017-04-10,0.013053368765410703
2017-04-11,0.013189445808296715
2017-04-12,0.013414371073958065
2017-04-13,0.013763143281876066
2017-04-17,0.014172472801591805
2017-04-18,0.014627826220874713
2017-04-19,0.014802822933558595
2017-04-20,0.015005193746497811
2017-04-21,0.014994310896645968
2017-04-24,0.014978418943825613
2017-04-25,0.015011994336488907
2017-04-26,0.015100427943157194
2017-04-27,0.015224749861824809
2017-04-28,0.015410776902104066
2017-05-01,0.015684636307513027
2017-05-02,0.015904580375463877
2017-05-03,0.016072916043271285
2017-05-04,0.016281249169694586
2017-05-05,0.016413283059024793
2017-05-08,0.016622292891318384
2017-05-09,0.016781952548582207
2017-05-10,0.01697270248108769
2017-05-11,0.017111998298912606
2017-05-12,0.017268235251085215
2017-05-15,0.017494639770309146
2017-05-16,0.017358805566686203
2017-05-17,0.017332807214022427
2017-05-18,0.01737485177725553
2017-05-19,0.017565815010421027
2017-05-22,0.017675980296849206
2017-05-23,0.017834826017192742
2017-05-24,0.018142359454411804
2017-05-25,0.018495245236334935
2017-05-26,0.01889316774542305
2017-05-29,0.019182118842472458
2017-05-30,0.019317212680025266
2017-05-31,0.019351830925244576
2017-06-01,0.019287769549298516
2017-06-02,0.019165196382549335
2017-06-05,0.01882730453756001
2017-06-06,0.018624771657949245
2017-06-07,0.018499831854813884
2017-06-08,0.01842356573670447
2017-06-09,0.018302758800716388
2017-06-12,0.018188043181619686
2017-06-13,0.01819293007757049
2017-06-14,0.018321082352149045
2017-06-15,0.01822024726601473
2017-06-16,0.018197487514262898
2017-06-19,0.018350477493836934
2017-06-20,0.018568111277098048
2017-06-21,0.018460673805370337
2017-06-22,0.018344993104569052
2017-06-23,0.01837128653368321
2017-06-26,0.01855258179681419
2017-06-27,0.01877658984440045
2017-06-28,0.018652601314422656
2017-06-29,0.018681047005414234
2017-06-30,0.018689123461023815
2017-07-03,0.01882858505274221
2017-07-04,0.018658717116235096
2017-07-05,0.018604557227861567
2017-07-06,0.01833732597319719
2017-07-07,0.01806914615635837
2017-07-10,0.017501779751104975
2017-07-11,0.01704385782985405
2017-07-12,0.016738286651804362
2017-07-13,0.01645127168546055
2017-07-14,0.016233886887065355
2017-07-17,0.015992638639577585
2017-07-18,0.015892171818733848
2017-07-19,0.01584528194199578
2017-07-20,0.015885391294831623
2017-07-21,0.016058023934934888
2017-07-24,0.016079349894670716
2017-07-25,0.01617491796143252
2017-07-26,0.016119824006454044
2017-07-27,0.016031499313423916
2017-07-28,0.015997243876881992
2017-07-31,0.015865837252731156
2017-08-01,0.015848582074070517
2017-08-02,0.015662565422436013
2017-08-03,0.015391624208887395
2017-08-04,0.015141791347665925
2017-08-07,0.014954327584251232
2017-08-08,0.014672387131483609
2017-08-09,0.01444785373832788
2017-08-10,0.014266502643026752
2017-08-11,0.014142384599211728
2017-08-14,0.013937740660264075
2017-08-15,0.013821602781298545
2017-08-16,0.013481515557716203
2017-08-17,0.013184300752991408
2017-08-18,0.012983991467392299
2017-08-21,0.012806599948639119
2017-08-22,0.012514324037221584
2017-08-23,0.012324307333835455
2017-08-24,0.012187442235281076
2017-08-25,0.012069865087878301
2017-08-28,0.01201128456254012
2017-08-29,0.012026177557814618
2017-08-30,0.012105615307235857
2017-08-31,0.01223921813756127
2017-09-01,0.012328126431201375
2017-09-04,0.012430191929276106
2017-09-05,0.012550262490137281
2017-09-06,0.012589255111174974
2017-09-07,0.012615884638883303
2017-09-08,0.012632323255122231
2017-09-11,0.012771540971015752
2017-09-12,0.012940043930724753
2017-09-13,0.013038960287965123
2017-09-14,0.013208890822451774
2017-09-15,0.013278276826818725
2017-09-18,0.013318881986537018
2017-09-19,0.013439829292648498
2017-09-20,0.013420363556285685
2017-09-21,0.013500783233868668
2017-09-22,0.013579405665727236
2017-09-25,0.013711798090027537
2017-09-26,0.013748770874108151
2017-09-27,0.013898208405461517
2017-09-28,0.013984112335330796
2017-09-29,0.014150897913368361
2017-10-02,0.014075381464854705
2017-10-03,0.013895106122252627
2017-10-04,0.01379519714341576
2017-10-05,0.013746560426565966
2017-10-06,0.01360486499241807
2017-10-09,0.013341860317299697
2017-10-10,0.013083756973427443
2017-10-11,0.012742443355817121
2017-10-12,0.012452728303577661
2017-10-13,0.012231777385313452
2017-10-16,0.012010871471030943
2017-10-17,0.011764352145931046
2017-10-18,0.011603984727190786
2017-10-19,0.011470896788006056
2017-10-20,0.011411032035482317
2017-10-23,0.011432280671438434
2017-10-24,0.01149019337896234
2017-10-25,0.011617533583332252
2017-10-26,0.011777055286328398
2017-10-27,0.011985387211792986
2017-10-30,0.012016371868279526
2017-10-31,0.012123687476606596
2017-11-01,0.012193225894014592
2017-11-02,0.012295299337436377
2017-11-03,0.012475614400421404
2017-11-06,0.012711142321991782
2017-11-07,0.012523350203410964
2017-11-08,0.012428103994351614
2017-11-09,0.012361597722838335
2017-11-10,0.012376381883367274
2017-11-13,0.012439743447450104
2017-11-14,0.01238551350712405
2017-11-15,0.012094337174119292
2017-11-16,0.011860297894568512
2017-11-17,0.011649538594025175
2017-11-20,0.011533448826351184
2017-11-21,0.011476347326339117
2017-11-22,0.011378528401344196
2017-11-23,0.011298983559518076
2017-11-24,0.011274515626276266
2017-11-27,0.011266185565329736
2017-11-28,0.011289810916927183
2017-11-29,0.01138790648717853
2017-11-30,0.011582844422358003
2017-12-01,0.011804777631430813
2017-12-04,0.011994998978084044
2017-12-05,0.012106984660842457
2017-12-06,0.012282485126678446
2017-12-07,0.012387632560243214
2017-12-08,0.01257392709844745
2017-12-11,0.012642301581191586
2017-12-12,0.012503366680491792
2017-12-13,0.012341934735756906
2017-12-14,0.012116871399248599
2017-12-15,0.011927189226925565
2017-12-18,0.01185498759077841
2017-12-19,0.011797140308774212
2017-12-20,0.011689662433325804
2017-12-21,0.0116048923695319
2017-12-22,0.011562225074906143
2017-12-27,0.01155703688439553
2017-12-28,0.011461082933404794
2017-12-29,0.01138148015619731
2018-01-02,0.011343518025992948
2018-01-03,0.011353395845543788
2018-01-04,0.011309839260766303
2018-01-05,0.01125543748471634
2018-01-08,0.011201393430298936
2018-01-09,0.011187087474060785
2018-01-10,0.011168416531424988
2018-01-11,0.011174807061840914
2018-01-12,0.011214087578505992
2018-01-15,0.011253646811105206
2018-01-16,0.011268989347167748
2018-01-17,0.011312099708836327
2018-01-18,0.01140482750551839
2018-01-19,0.011575115225327191
2018-01-22,0.01171046583079338
2018-01-23,0.011855898818481779
2018-01-24,0.012023524348243667
2018-01-25,0.012240865430472085
2018-01-26,0.012430509934491709
2018-01-29,0.012597405411653934
2018-01-30,0.012602966476508244
2018-01-31,0.012639060146601667
2018-02-01,0.012752757756180112
2018-02-02,0.012888813544732605
2018-02-05,0.012976208193068793
2018-02-06,0.013129686292834583
2018-02-07,0.013326248062805995
2018-02-08,0.0134680744061328
2018-02-09,0.01350069582198724
2018-02-12,0.013455318699394796
2018-02-13,0.013396831280921844
2018-02-14,0.013409584598320142
2018-02-15,0.013478555783525206
2018-02-16,0.013626705981526863
2018-02-19,0.01359828436293887
2018-02-20,0.013669915016583415
2018-02-21,0.013794225777507921
2018-02-22,0.013977291115526173
2018-02-23,0.014125363622656706
2018-02-26,0.014285520513109428
2018-02-27,0.014423014567851085
2018-02-28,0.014646495894767398
2018-03-01,0.014764209175256404
2018-03-02,0.01469785755901719
2018-03-05,0.014722447367008168
2018-03-06,0.014651973393198786
2018-03-07,0.014612020329400689
2018-03-08,0.014653411381161592
2018-03-09,0.014658654031056088
2018-03-12,0.014573516141640515
2018-03-13,0.014554558018459155
2018-03-14,0.014590981674616935
2018-03-15,0.014682384633420755
2018-03-16,0.01487109353921712
2018-03-19,0.015075262051971497
2018-03-20,0.01527640924209187
2018-03-21,0.015474374640234951
2018-03-22,0.015424620116523433
2018-03-23,0.015405044696141025
2018-03-26,0.015510449114736096
2018-03-27,0.015689709441463008
2018-03-28,0.015932825356427656
2018-03-29,0.016292180103491035
2018-04-03,0.016663771248530922
2018-04-04,0.017158039795173736
2018-04-05,0.017299589115012795
2018-04-06,0.017576999101998794
2018-04-09,0.017951443919686408
2018-04-10,0.01818694495777908
2018-04-11,0.01824129265772859
2018-04-12,0.018183878671670196
2018-04-13,0.018085988909007887
2018-04-16,0.017918405554168803
2018-04-17,0.017788334859800654
2018-04-18,0.017737734699871645
2018-04-19,0.01755456996299081
2018-04-20,0.017434756129835877
2018-04-23,0.017337714649649446
2018-04-24,0.01740057385386925
2018-04-25,0.017438275824699753
2018-04-26,0.017378986388534492
2018-04-27,0.017205175698619894
2018-04-30,0.017099889584021095
2018-05-01,0.017140924911903888
2018-05-02,0.017199563805915967
2018-05-03,0.017187840771182693
2018-05-04,0.017306193502830726
2018-05-08,0.017380905723345254
2018-05-09,0.017505665657159022
2018-05-10,0.017293149006936584
2018-05-11,0.01723254112676132
2018-05-14,0.017281649809500976
2018-05-15,0.01736928464630547
2018-05-16,0.01746303996997948
2018-05-17,0.017624006409850797
2018-05-18,0.017700280920472312
2018-05-21,0.017759310771821763
2018-05-22,0.01788883325117346
2018-05-23,0.01794413547006734
2018-05-24,0.01792989381436225
2018-05-25,0.018032754241699433
2018-05-29,0.017972035794157997
2018-05-30,0.017815675146261405
2018-05-31,0.017622303602434216
2018-06-01,0.017547302138798782
2018-06-04,0.017356882745704176
2018-06-05,0.01718614866152022
2018-06-06,0.017127604113105557
2018-06-07,0.017151497550921845
2018-06-08,0.01700975496427997
2018-06-11,0.016975073296371705
2018-06-12,0.01699489474013791
2018-06-13,0.0170984705043919
2018-06-14,0.01738603972414448
2018-06-15,0.01768923013791688
2018-06-18,0.017760833038538898
2018-06-19,0.017598111349804053
2018-06-20,0.01750177370066472
2018-06-21,0.017487039475519533
2018-06-22,0.017387458235021084
2018-06-25,0.017396338561719585
2018-06-26,0.017460301263570854
2018-06-27,0.01754000545221747
2018-06-28,0.017447520698801927
2018-06-29,0.017503531137241405
2018-07-02,0.017558257701672197
2018-07-03,0.017668582701146254
2018-07-04,0.017832591441183272
2018-07-05,0.018058294557561937
2018-07-06,0.018317730275575077
2018-07-09,0.018551199201393236
2018-07-10,0.01866574760130236
2018-07-11,0.018766080623133997
2018-07-12,0.018737198669709163
2018-07-13,0.018398013773533537
2018-07-16,0.01797754939696069
2018-07-17,0.017265678405245302
2018-07-18,0.016650753645794214
2018-07-19,0.016123674119577613
2018-07-20,0.015580032096347297
2018-07-23,0.015201298305575765
2018-07-24,0.01479077822586475
2018-07-25,0.014416906173995029
2018-07-26,0.014151026001955187
2018-07-27,0.013925493242965985
2018-07-30,0.013763377564377831
2018-07-31,0.013687930155818512
2018-08-01,0.013617780900802923
2018-08-02,0.01339928395603874
2018-08-03,0.013222093855684227
2018-08-06,0.013109029697828447
2018-08-07,0.013062894602362794
2018-08-08,0.013108579199339524
2018-08-09,0.013011045934422497
2018-08-10,0.012956441576546358
2018-08-13,0.012987820883881784
2018-08-14,0.013114135106088127
2018-08-15,0.013277002520613632
2018-08-16,0.01317517865863158
2018-08-17,0.01309536803416381
2018-08-20,0.013013203614271057
2018-08-21,0.012902272907934557
2018-08-22,0.012878765591800853
2018-08-23,0.01277705209224603
2018-08-24,0.012655607133453465
2018-08-27,0.012600997234371449
2018-08-28,0.012605342605721215
2018-08-29,0.012490548421123506
2018-08-30,0.01245292775161797
2018-08-31,0.012444170181033935
2018-09-03,0.012479082628963172
2018-09-04,0.012546967405299212
2018-09-05,0.012657682063307791
2018-09-06,0.012805987803584523
2018-09-07,0.012937290196973868
2018-09-10,0.01317419469403691
2018-09-11,0.013337081605689116
2018-09-12,0.013465160524073648
2018-09-13,0.013449993009363113
2018-09-14,0.013245865005148112
2018-09-17,0.013105030607835537
2018-09-18,0.013018749074308236
2018-09-19,0.01293196270630037
2018-09-20,0.012968775084310222
2018-09-21,0.013032359712994932
2018-09-24,0.013157626521694735
2018-09-25,0.013180174856819573
2018-09-26,0.01317771148393462
2018-09-27,0.013230393573240469
2018-09-28,0.013320027944394363
2018-10-01,0.013419543835943598
2018-10-02,0.013326924320284723
2018-10-03,0.013295928569939854
2018-10-04,0.01331658106333153
2018-10-05,0.013370748571673328
2018-10-08,0.013436246226426017
2018-10-09,0.01353009693188163
2018-10-10,0.013668010706709977
2018-10-11,0.013828180992242185
2018-10-12,0.013771961652133381
2018-10-15,0.013711613646877951
2018-10-16,0.013732862774700434
2018-10-17,0.013867061371302097
2018-10-18,0.01401525163596577
2018-10-19,0.014235376261894311
2018-10-22,0.014543462955312723
2018-10-23,0.014968453845551268
2018-10-24,0.015285325151798663
2018-10-25,0.015650162663507546
2018-10-26,0.01605007225041816
2018-10-29,0.016563096695724235
2018-10-30,0.01718079319630963
2018-10-31,0.01776468559082474
2018-11-01,0.01842883856863707
2018-11-02,0.018731489230450243
2018-11-05,0.019104704622219238
2018-11-06,0.01948367689835886
2018-11-07,0.01975906836833512
2018-11-08,0.020126635904082812
2018-11-09,0.02057885017949183
2018-11-12,0.02114333458203989
2018-11-13,0.02179153148285976
2018-11-14,0.021876179868871345
2018-11-15,0.022126998502308863
2018-11-16,0.02249038469172414
2018-11-19,0.02298550262058108
2018-11-20,0.02351241653823019
2018-11-21,0.023794146738848037
2018-11-22,0.02427368372913428
2018-11-23,0.024857068621287007
2018-11-26,0.024975313166559276
2018-11-27,0.02498852119353638
2018-11-28,0.025159120253282773
2018-11-29,0.025333865652489143
2018-11-30,0.02561983152726572
2018-12-03,0.026079592907297135
2018-12-04,0.026287734032256864
2018-12-05,0.026519463202048597
2018-12-06,0.026950123007694678
2018-12-07,0.026980609297818245
2018-12-10,0.026455794696314146
2018-12-11,0.025971289833886767
2018-12-12,0.02567838743159289
2018-12-13,0.02549627971396221
2018-12-14,0.02540858295729706
2018-12-17,0.025406423152230465
2018-12-18,0.025497649813503956
2018-12-19,0.025490916980347868
2018-12-20,0.025550136587180167
2018-12-21,0.025308796486959606
2018-12-27,0.025141792570847938
2018-12-28,0.025098967002314922
2019-01-02,0.025192956327418473
2019-01-03,0.024786568282985963
2019-01-04,0.024364854829558715
2019-01-07,0.02375245269678998
2019-01-08,0.02309710785015319
2019-01-09,0.022606346127591343
2019-01-10,0.0218624814013626
2019-01-11,0.021146767840473746
2019-01-14,0.020441087718675907
2019-01-15,0.01982646480210457
2019-01-16,0.019399839769071954
2019-01-17,0.01895794800126255
2019-01-18,0.01867220477731715
2019-01-21,0.018189917066874187
2019-01-22,0.017730055077238942
2019-01-23,0.01728276041443437
2019-01-24,0.01692925449723573
2019-01-25,0.016696205865961808
2019-01-28,0.01653050585544706
2019-01-29,0.01622313494811569
2019-01-30,0.015855930791118605
2019-01-31,0.015496278880385133
2019-02-01,0.015206936823201875
2019-02-04,0.014972128720198536
2019-02-05,0.014796279524533877
2019-02-06,0.014699428124235083
2019-02-07,0.014673090827837423
2019-02-08,0.014540090540693084
2019-02-11,0.014482264295942075
2019-02-12,0.014472730799708256
2019-02-13,0.014380327166548796
2019-02-14,0.01434950737315203
2019-02-15,0.014370808317647784
2019-02-18,0.014216689614770668
2019-02-19,0.014096524114868775
2019-02-20,0.014028039931020794
2019-02-21,0.0139444232789269
2019-02-22,0.013993876457908791
2019-02-25,0.01407170100895695
2019-02-26,0.013806420837709277
2019-02-27,0.01354322641674266
2019-02-28,0.013299894769863192
2019-03-01,0.013103848487747406
2019-03-04,0.012812808274994881
2019-03-05,0.012530960975697012
2019-03-06,0.01233561939407715
2019-03-07,0.012191984014452189
2019-03-08,0.01211168675019753
2019-03-11,0.01202039582297416
2019-03-12,0.011968124670002444
2019-03-13,0.011964303602963298
2019-03-14,0.011995165114234239
2019-03-15,0.012083250713463282
2019-03-18,0.012232537960381672
2019-03-19,0.012414211991345665
2019-03-20,0.012624574027212433
2019-03-21,0.012805751219866005
2019-03-22,0.013036594925978777
2019-03-25,0.013051009067893492
2019-03-26,0.0130198814672895
2019-03-27,0.013096296694029596
2019-03-28,0.013254564762740536
2019-03-29,0.01330029771433451
2019-04-01,0.013182357466083492
2019-04-02,0.013009163203279802
2019-04-03,0.012876626582746728
2019-04-04,0.012809853161776989
2019-04-05,0.012757506474028638
2019-04-08,0.01280633919552985
2019-04-09,0.012784949538900171
2019-04-10,0.012835251957554146
2019-04-11,0.012929697938525688
2019-04-12,0.0131182387697944
2019-04-15,0.013351494778591287
2019-04-16,0.013632625514688603
2019-04-17,0.014017880578292835
2019-04-18,0.014453890254049856
2019-04-22,0.014981400510223565
2019-04-23,0.015618146096715486
2019-04-24,0.01584075174315757
2019-04-25,0.016066751961788733
2019-04-26,0.0163073638187273
2019-04-29,0.016103012783126446
2019-04-30,0.01599546680590099
2019-05-01,0.015846776601239385
2019-05-02,0.015776759267589764
2019-05-03,0.015712009674817833
2019-05-06,0.015604897447848595
2019-05-07,0.01553641257521191
2019-05-08,0.015512540270728157
2019-05-09,0.015574529909067436
2019-05-10,0.01571241219509918
2019-05-13,0.015880373954036384
2019-05-14,0.016087057037215823
2019-05-15,0.016380849171723486
2019-05-16,0.01675083875966886
2019-05-17,0.017087076151109628
2019-05-20,0.017481948525396186
2019-05-21,0.017949680149996653
2019-05-22,0.018518557452488083
2019-05-23,0.019160507026215648
2019-05-24,0.019395972201695973
2019-05-28,0.019737246336692486
2019-05-29,0.019944661328346536
2019-05-30,0.02023156799897398
2019-05-31,0.020620078224898714
2019-06-03,0.02070460542369683
2019-06-04,0.02036609185542108
2019-06-05,0.02010228492128311
2019-06-06,0.01984672224011768
2019-06-07,0.019684697021312
2019-06-10,0.01951778623483564
2019-06-11,0.019456310026958915
2019-06-12,0.019439400832470994
2019-06-13,0.019228261836022567
2019-06-14,0.019007951651857372
2019-06-17,0.018895084981260846
2019-06-18,0.018891691810912208
2019-06-19,0.018978266542964965
2019-06-20,0.01914431948496333
2019-06-21,0.018995182420452145
2019-06-24,0.018939248390017715
2019-06-25,0.018984976132018296
2019-06-26,0.019030724955411533
2019-06-27,0.01908990081191676
2019-06-28,0.01928871093309963
2019-07-01,0.019546827967681615
2019-07-02,0.01961262461138193
2019-07-03,0.019441488201047828
2019-07-04,0.019298310143581618
2019-07-05,0.019306974429649387
2019-07-08,0.019395663784106242
2019-07-09,0.01956716421621981
2019-07-10,0.01983616048511033
2019-07-11,0.019941038423073102
2019-07-12,0.02007820747123944
2019-07-15,0.020318890050788026
2019-07-16,0.02059251856894151
2019-07-17,0.020927532762274437
2019-07-18,0.021088957595948837
2019-07-19,0.020926793883859974
2019-07-22,0.02081826413871726
2019-07-23,0.020845792542337895
2019-07-24,0.020988535655238828
2019-07-25,0.02095770167757757
2019-07-26,0.021119658696612812
2019-07-29,0.021363072035181646
2019-07-30,0.021689483105289238
2019-07-31,0.022089582616935544
2019-08-01,0.02250458516162978
2019-08-02,0.023042796782484287
2019-08-05,0.023489755020821936
2019-08-06,0.023844643805554636
2019-08-07,0.02434625024228724
2019-08-08,0.024290993801798437
2019-08-09,0.024317537835719893
2019-08-12,0.02432254659163931
2019-08-13,0.02451357248789367
2019-08-14,0.024414838415643483
2019-08-15,0.024100160018826516
2019-08-16,0.02390637957075228
2019-08-19,0.023809284030186055
2019-08-20,0.023696316880595206
2019-08-21,0.023702226060880113
2019-08-22,0.023670956734708454
2019-08-23,0.023708018874314455
2019-08-26,0.023852605317172423
2019-08-27,0.02401761807767267
2019-08-28,0.02435311018047439
2019-08-29,0.024665411453094612
2019-08-30,0.025010435681543146
2019-09-02,0.02555492437949951
2019-09-03,0.02581168950320171
2019-09-04,0.02627860453703569
2019-09-05,0.026498740143656278
2019-09-06,0.026588262372901603
2019-09-09,0.02687542609203472
2019-09-10,0.026812373028672523
2019-09-11,0.026912628903588677
2019-09-12,0.026994965253811308
2019-09-13,0.02702195352205441
2019-09-16,0.027107187114386783
2019-09-17,0.026310535328538085
2019-09-18,0.025283144770620363
2019-09-19,0.024328601481393167
2019-09-20,0.0236039167651607
2019-09-23,0.022892831661491173
2019-09-24,0.02235820412592444
2019-09-25,0.021945350128508855
2019-09-26,0.021461030945398495
2019-09-27,0.021140841086684445
2019-09-30,0.020895085823974695
2019-10-01,0.020637017295708097
2019-10-02,0.020400190690847978
2019-10-03,0.019938100153680458
2019-10-04,0.019595210276019712
2019-10-07,0.019320331086497843
2019-10-08,0.019163685546489798
2019-10-09,0.01889382564900933
2019-10-10,0.0185677907491709
2019-10-11,0.018365344491904124
2019-10-14,0.018011905081112268
2019-10-15,0.017544356960925264
2019-10-16,0.01718523475226413
2019-10-17,0.016900376742748448
2019-10-18,0.016745882062164482
2019-10-21,0.016617615491429708
2019-10-22,0.016538145313833876
2019-10-23,0.0162480493182246
2019-10-24,0.016064709917563546
2019-10-25,0.01591734759486161
2019-10-28,0.015778308792183504
2019-10-29,0.015548143838920428
2019-10-30,0.015335096138119026
2019-10-31,0.01514821769078139
2019-11-01,0.014926042215250023
2019-11-04,0.014706577824717513
2019-11-05,0.014252269624134327
2019-11-06,0.013848197444706604
2019-11-07,0.013499598093793048
2019-11-08,0.013215803417661052
2019-11-11,0.01298722463153644
2019-11-12,0.012755669418475668
2019-11-13,0.012615572009472538
2019-11-14,0.012552024380290579
2019-11-15,0.012503372056925434
2019-11-18,0.012475256640949556
2019-11-19,0.012464178757649609
2019-11-20,0.012521936104633058
2019-11-21,0.012435571857912027
2019-11-22,0.012274095045043785
2019-11-25,0.012199538945953867
2019-11-26,0.012195674112641015
2019-11-27,0.012259764351396718
2019-11-28,0.01239549801951208
2019-11-29,0.012582605970735636
2019-12-02,0.012851104617150801
2019-12-03,0.013024409243726793
2019-12-04,0.013248892221578542
2019-12-05,0.013189248097121286
2019-12-06,0.01316873507060882
2019-12-09,0.013171513308953876
2019-12-10,0.013211505785469264
2019-12-11,0.013360714182339304
2019-12-12,0.013453552540881476
2019-12-13,0.01343128130423182
2019-12-16,0.013444119666576928
2019-12-17,0.013544344227222406
2019-12-18,0.013646022884334768
2019-12-19,0.013782691535025185
2019-12-20,0.013934990852173694
2019-12-23,0.014120524988550693
2019-12-24,0.014288154201756699
2019-12-25,0.014313252623725837
2019-12-26,0.014365883098801602
2019-12-27,0.014494735898691179
2019-12-30,0.014714978521883842
2019-12-31,0.014941370965724628
2020-01-01,0.015262800324662618
2020-01-02,0.01571092559903481
2020-01-03,0.0161934974542468
2020-01-06,0.0165581141460123
2020-01-07,0.016926291577688886
2020-01-08,0.017169821881454272
2020-01-09,0.01735925587599508
2020-01-10,0.01762389147179278
2020-01-13,0.017995675948182334
2020-01-14,0.018167240275402518
2020-01-15,0.018472325814545148
2020-01-16,0.0187142211453502
2020-01-17,0.01892397170401114
2020-01-20,0.019231789223665426
2020-01-21,0.01959250394580087
2020-01-22,0.02001992676017207
2020-01-23,0.02042945185458982
2020-01-24,0.020864231906523874
2020-01-27,0.021235334060789243
2020-01-28,0.02160761978980908
2020-01-29,0.02214780599062017
2020-01-30,0.022710188455199128
2020-01-31,0.023219528375004645
2020-02-03,0.023910333707490523
2020-02-04,0.024071127834602378
2020-02-05,0.024324525901908308
2020-02-06,0.024625639960390057
2020-02-07,0.025001117543864748
2020-02-10,0.025506718995108715
2020-02-11,0.026080430514528737
2020-02-12,0.0268324956589917
2020-02-13,0.027538548950387
2020-02-14,0.028294483808473606
2020-02-17,0.02928284532064269
2020-02-18,0.03049622231814118
2020-02-19,0.03180939243012023
2020-02-20,0.033068771525813605
2020-02-21,0.03465822663605096
2020-02-24,0.03638146898228475
2020-02-25,0.038126885556995796
2020-02-26,0.040202016224591276
2020-02-27,0.04236415879047697
2020-02-28,0.04457127939088441
2020-03-02,0.047208859377653976
2020-03-03,0.050155885227040675
2020-03-04,0.05352416003803913
2020-03-05,0.05740600614394748
2020-03-06,0.06200646255454062
2020-03-09,0.06635023755453748
2020-03-10,0.06856361316824111
2020-03-11,0.070905893978234
2020-03-12,0.07366310463238221
2020-03-13,0.07602464072041897
2020-03-16,0.07881600783192177
2020-03-17,0.08052588662235945
2020-03-18,0.08280032514043427
2020-03-19,0.08548316966696812
2020-03-20,0.08761480667726491
2020-03-23,0.08958542267953531
2020-03-24,0.0923680159514506
2020-03-25,0.09546222982258676
2020-03-26,0.0987823280845435
2020-03-27,0.10258299407773523
2020-03-30,0.10676503441348975
2020-03-31,0.11054145737809536
2020-04-01,0.11509068279347848
2020-04-02,0.11812536024345631
2020-04-03,0.11921202297480904
2020-04-06,0.11951925595115469
2020-04-07,0.11995281165986982
2020-04-08,0.12082451485836145
2020-04-09,0.12192758243900532
2020-04-14,0.1214342218698769
2020-04-15,0.12157815408055815
2020-04-16,0.12201155293358629
2020-04-17,0.12324774365928205
2020-04-20,0.12459661901763688
2020-04-21,0.12593692641003684
2020-04-22,0.12223208727747602
2020-04-23,0.11531878793724588
2020-04-24,0.10907765106145278
2020-04-27,0.10333535398334538
2020-04-28,0.09865965312734964
2020-04-29,0.09449936542695098
2020-04-30,0.09018887318660443
2020-05-01,0.08672562673484203
2020-05-04,0.08354596966870183
2020-05-05,0.0803471378362576
2020-05-06,0.0754825287415318
2020-05-07,0.07130153539949899
2020-05-11,0.06781188162145477
2020-05-12,0.06444727796746695
2020-05-13,0.06157420647415559
2020-05-14,0.05887869037461614
2020-05-15,0.05609604402107029
2020-05-18,0.053627411244421046
2020-05-19,0.05112822425761274
2020-05-20,0.04893238632464588
2020-05-21,0.04676784975692386
2020-05-22,0.04510599876820747
2020-05-26,0.04363810156704637
2020-05-27,0.0426173757055804
2020-05-28,0.041653519317328934
2020-05-29,0.04054812806692625
2020-06-01,0.039791541406231104
2020-06-02,0.038510361060869476
2020-06-03,0.037511457214871376
2020-06-04,0.03668150572966313
2020-06-05,0.03606036654985168
2020-06-08,0.035009130630596894
2020-06-09,0.03401832255314168
2020-06-10,0.03314973795740682
2020-06-11,0.03242996168736155
2020-06-12,0.031093246544236834
2020-06-15,0.029869645390654127
2020-06-16,0.02876494488854754
2020-06-17,0.027676670598578576
2020-06-18,0.026787314424219874
2020-06-19,0.025804994245691937
2020-06-22,0.025011923269562905
2020-06-23,0.02426255784081384
2020-06-24,0.023666579420373944
2020-06-25,0.02263649892610736
2020-06-26,0.021716399732104548
2020-06-29,0.020892783910011675
2020-06-30,0.020193817199673503
2020-07-01,0.019664505073620882
2020-07-02,0.019153581689242815
2020-07-03,0.018608722230698215
2020-07-06,0.018183207508633167
2020-07-07,0.01787975337998434
2020-07-08,0.017584547829131308
2020-07-09,0.017413114301993868
2020-07-10,0.017042156922699416
2020-07-13,0.01659546654968252
2020-07-14,0.016288301294165572
2020-07-15,0.01604815376073546
2020-07-16,0.015704367675100146
2020-07-17,0.015454248334234763
2020-07-20,0.015253804068089596
2020-07-21,0.015213169912969827
2020-07-22,0.0150365075220865
2020-07-23,0.014893434883391524
2020-07-24,0.014666463975110264
2020-07-27,0.014504183700423723
2020-07-28,0.014438030335286924
2020-07-29,0.014395543985116714
2020-07-30,0.014418561031859744
2020-07-31,0.01447693621420133
2020-08-03,0.014593852275118734
2020-08-04,0.014700771258493912
2020-08-05,0.014881795563957714
2020-08-06,0.01494316810188776
2020-08-07,0.015130337299589796
2020-08-10,0.015268094076505086
2020-08-11,0.015451104417868506
2020-08-12,0.015726559378548104
2020-08-13,0.01573744476051274
2020-08-14,0.015860092250660256
2020-08-17,0.01609807227582104
2020-08-18,0.016434206959469722
2020-08-19,0.016746279046015885
2020-08-20,0.017280015896457505
2020-08-21,0.01780275935366976
2020-08-24,0.018423173787084066
2020-08-25,0.01907525893391886
2020-08-26,0.01957539844393926
2020-08-27,0.020209146606001198
2020-08-28,0.020853468307043717
2020-09-01,0.0216134954092692
2020-09-02,0.022473544148409283
2020-09-03,0.022726195525346195
2020-09-04,0.023243845129040343
2020-09-07,0.02355064644763176
2020-09-08,0.023945093371056596
2020-09-09,0.023965808602938243
2020-09-10,0.023842583766718165
2020-09-11,0.023799188612469845
2020-09-14,0.023801054951441972
2020-09-15,0.023975017854032003
2020-09-16,0.024075800079751176
2020-09-17,0.023920240916836727
2020-09-18,0.02372349953737695
2020-09-21,0.02372757112394474
2020-09-22,0.023443372477756148
2020-09-23,0.023278833775225015
2020-09-24,0.02327535354497662
2020-09-25,0.023353528949959637
2020-09-28,0.02354756822445585
2020-09-29,0.023852736336093618
2020-09-30,0.02400662415094825
2020-10-01,0.02435728153965958
2020-10-02,0.024763675367699647
2020-10-05,0.024918784344683906
2020-10-06,0.02477931969995491
2020-10-07,0.024555043738287825
2020-10-08,0.024355365833705303
2020-10-09,0.024076901911235633
2020-10-12,0.023860809856869412
2020-10-13,0.023711440732918268
2020-10-14,0.023551324945287944
2020-10-15,0.023481448437527135
2020-10-16,0.023513866220805917
2020-10-19,0.02371884036831947
2020-10-20,0.024050137672150522
2020-10-21,0.024492715735871074
2020-10-22,0.024764803503576845
2020-10-23,0.025022601832139463
2020-10-26,0.025403433600266163
2020-10-27,0.025575135855412903
2020-10-28,0.025802816257195594
2020-10-29,0.025800605237236762
2020-10-30,0.02559397586017601
2020-11-02,0.025531181468575092
2020-11-03,0.025376796142817376
2020-11-04,0.025340336071991074
2020-11-05,0.0250488345746955
2020-11-06,0.024966747591157603
2020-11-09,0.024702503903879656
2020-11-10,0.02388713599211204
2020-11-11,0.023028830488045396
2020-11-12,0.022358986587767585
2020-11-13,0.02176415486712724
2020-11-16,0.021223669948328326
2020-11-17,0.02060107032971161
2020-11-18,0.0201348315947161
2020-11-19,0.019739696731631385
2020-11-20,0.0194969737221627
2020-11-23,0.019238274829784525
2020-11-24,0.01893097025840213
2020-11-25,0.018391282239209293
2020-11-26,0.01791828102782973
2020-11-27,0.017413922730538954
2020-11-30,0.016920496295418
2020-12-01,0.016576160387880862
2020-12-02,0.016363403156436945
2020-12-03,0.01611077390405876
2020-12-04,0.015944352623195292
2020-12-07,0.015768780587271842
2020-12-08,0.015658605418529422
2020-12-09,0.01566461745259642
2020-12-10,0.015669201058855164
2020-12-11,0.015516133398862781
2020-12-14,0.015409813148394942
2020-12-15,0.015389927054679493
2020-12-16,0.015403419930506855
2020-12-17,0.015535104746026979
2020-12-18,0.015716350068821185
2020-12-21,0.01587802791538897
2020-12-22,0.0157851679442385
2020-12-23,0.01575611613324243
2020-12-24,0.01560139334386984
2020-12-28,0.015546986793100778
2020-12-29,0.01558460172903508
2020-12-30,0.0157335418000073
2020-12-31,0.015910693380100285
2021-01-04,0.016145910869412687
2021-01-05,0.016400818211726134
2021-01-06,0.016213467442736454
2021-01-07,0.015997967646948955
2021-01-08,0.015921752824159693
2021-01-11,0.015625432864491157
2021-01-12,0.015323233039137692
2021-01-13,0.01498991949526177
2021-01-14,0.014735675868246652
2021-01-15,0.014535408568792926
2021-01-18,0.014283646169742132
2021-01-19,0.014106314895254345
2021-01-20,0.013843762854915936
2021-01-21,0.013613615681038123
2021-01-22,0.013458887418657535
2021-01-25,0.013389601523323443
2021-01-26,0.013341437655445031
2021-01-27,0.013382615066755813
2021-01-28,0.013544992633740404
2021-01-29,0.01375460332975519
2021-02-01,0.01401890515517617
2021-02-02,0.0141844015887784
2021-02-03,0.014260281173184217
2021-02-04,0.014302203052105366
2021-02-05,0.01445868982509065
2021-02-08,0.014643783742844333
2021-02-09,0.014879248966153715
2021-02-10,0.015098402118471887
2021-02-11,0.01544849827890313
2021-02-12,0.01590413230205593
2021-02-15,0.016259613203548347
2021-02-16,0.016605284431367322
2021-02-17,0.01702075876588834
2021-02-18,0.017453907345873387
2021-02-19,0.01788831513417612
2021-02-22,0.01830583477343144
2021-02-23,0.018655585523484522
2021-02-24,0.01910434897337681
2021-02-25,0.01944196252904595
2021-02-26,0.019973917337783968
2021-03-01,0.02057148834415379
2021-03-02,0.021169609557129494
2021-03-03,0.021742966859323275
2021-03-04,0.022309245147906033
2021-03-05,0.022674546047730625
2021-03-08,0.022859587032063696
2021-03-09,0.022927638773975485
2021-03-10,0.02308975775661487
2021-03-11,0.02346148207611623
2021-03-12,0.023703097893616187
2021-03-15,0.02406549084236936
2021-03-16,0.02458174227025652
2021-03-17,0.025225343295561517
2021-03-18,0.02607270351722582
2021-03-19,0.02620208380783244
2021-03-22,0.026261304364347864
2021-03-23,0.026470826342231114
2021-03-24,0.026231701658830785
2021-03-25,0.025562709547924858
2021-03-26,0.024644997748544478
2021-03-29,0.023578401271230853
2021-03-30,0.022703779570563656
2021-03-31,0.021915874410785616
2021-04-01,0.02128539639349112
2021-04-06,0.020874982508314283
2021-04-07,0.020166442417052656
2021-04-08,0.01958408698454177
2021-04-09,0.019134130374844845
2021-04-12,0.01878626923571533
2021-04-13,0.018527087862197138
2021-04-14,0.018385877683169932
2021-04-15,0.017892677538416446
2021-04-16,0.017438446477713487
2021-04-19,0.017090303088205316
2021-04-20,0.01686744342451066
2021-04-21,0.016587584238510242
2021-04-22,0.01627227703320278
2021-04-23,0.015976894065285695
2021-04-26,0.01576040947337693
2021-04-27,0.015589416215535865
2021-04-28,0.015490454970580545
2021-04-29,0.015393807680839937
2021-04-30,0.015262281428016207
2021-05-04,0.015236644312604209
2021-05-05,0.015139094320279937
2021-05-06,0.015079268485802112
2021-05-07,0.015022124713307895
2021-05-10,0.015038909561336232
2021-05-11,0.015147101129270821
2021-05-12,0.015339594833981292
2021-05-13,0.015546594169586586
2021-05-14,0.015521239819801087
2021-05-17,0.01534417885587084
2021-05-18,0.015290829623015012
2021-05-19,0.015321926085168804
2021-05-20,0.015072227124148919
2021-05-21,0.014723605258646705
2021-05-24,0.014292880461301827
2021-05-25,0.013662858436254591
2021-05-26,0.013136571117579867
2021-05-27,0.012703324205567114
2021-05-28,0.012364296587361863
2021-06-01,0.01205557642268403
2021-06-02,0.011809101671177819
2021-06-03,0.01158414038144871
2021-06-04,0.011460408040791313
2021-06-07,0.011340798482818253
2021-06-08,0.011238150993415151
2021-06-09,0.011232718458593619
2021-06-10,0.011268474812442841
2021-06-11,0.011312280954449498
2021-06-14,0.011423303540745814
2021-06-15,0.011622443156434674
2021-06-16,0.011785404707559389
2021-06-17,0.012007937778223584
2021-06-18,0.012191647986892758
2021-06-21,0.012423689085175453
2021-06-22,0.012596424957036929
2021-06-23,0.012813112704171362
2021-06-24,0.013130199104173967
2021-06-25,0.013457394784926588
2021-06-28,0.013883318112106281
2021-06-29,0.01424513476942466
2021-06-30,0.014639167452197805
2021-07-01,0.014976827305014576
2021-07-02,0.015407421613575152
2021-07-05,0.01582550330580439
2021-07-06,0.016380737072999748
2021-07-07,0.016692612161805728
2021-07-08,0.01701298405245443
2021-07-09,0.017379638253689437
2021-07-12,0.01758577905723226
2021-07-13,0.01792777607885896
2021-07-14,0.018355649375257282
2021-07-15,0.018751821462854725
2021-07-16,0.01914139656784138
2021-07-19,0.019678134037221417
2021-07-20,0.019665208519968252
2021-07-21,0.019711932784862694
2021-07-22,0.019553629329680824
2021-07-23,0.019358565497329266
2021-07-26,0.019174581231860676
2021-07-27,0.019176811503016374
2021-07-28,0.019271819869571407
2021-07-29,0.01945655910963931
2021-07-30,0.019655752077098257
2021-08-02,0.01990653461460436
2021-08-03,0.019765830196244494
2021-08-04,0.019710841844774084
2021-08-05,0.019519443235395385
2021-08-06,0.01929358366766645
2021-08-09,0.019144350841481722
2021-08-10,0.019016164742510718
2021-08-11,0.018847298184833907
2021-08-12,0.01876695848717783
2021-08-13,0.018715186113348353
2021-08-16,0.018721508447441932
2021-08-17,0.018833126061548314
2021-08-18,0.019103485618291064
2021-08-19,0.01938185816434067
2021-08-20,0.019582270999137487
2021-08-23,0.019729503747614625
2021-08-24,0.019502096500818925
2021-08-25,0.01917011734931457
2021-08-26,0.01888431066412632
2021-08-27,0.018528966912003276
2021-08-31,0.01814471997500435
2021-09-01,0.017676284101083496
2021-09-02,0.017266371149995293
2021-09-03,0.01678456417776357
2021-09-06,0.01641896920099573
2021-09-07,0.016068366545391368
2021-09-08,0.015809651315599544
2021-09-09,0.015573285867750213
2021-09-10,0.015325943484422221
2021-09-13,0.015092046816056347
2021-09-14,0.014945279525219513
2021-09-15,0.014858700757292136
2021-09-16,0.01462240705930141
2021-09-17,0.014477931200279185
2021-09-20,0.014458102285702844
2021-09-21,0.014384454400939784
2021-09-22,0.014432061142724007
2021-09-23,0.014349147107270335
2021-09-24,0.01423242589101879
2021-09-27,0.014161292483524747
2021-09-28,0.014002017970929934
2021-09-29,0.013941094338714375
2021-09-30,0.013931174296759535
2021-10-01,0.013996093355499568
2021-10-04,0.013973400372744181
2021-10-05,0.013804179227708276
2021-10-06,0.013649902684778614
2021-10-07,0.013421489766433805
2021-10-08,0.013187204962011121
2021-10-11,0.013048523026315666
2021-10-12,0.012871509081987354
2021-10-13,0.01273848478351027
2021-10-14,0.012666610738019793
2021-10-15,0.01268807612816372
2021-10-18,0.012717126799696247
2021-10-19,0.012847310859228425
2021-10-20,0.01298811454240357
2021-10-21,0.013149364584629928
2021-10-22,0.01331059109513683
2021-10-25,0.013480536522394131
2021-10-26,0.013710757564354083
2021-10-27,0.01401440349423014
2021-10-28,0.014362674177869324
2021-10-29,0.014748766774631798
2021-11-01,0.015226040203622043
2021-11-02,0.015652494445510437
2021-11-03,0.0162488581464114
2021-11-04,0.016526832793279753
2021-11-05,0.016811420907487974
2021-11-08,0.016987343826865467
2021-11-09,0.017191830594082497
2021-11-10,0.01746304686435368
2021-11-11,0.017730713978048616
2021-11-12,0.01812241542153499
2021-11-15,0.01857911877277358
2021-11-16,0.01911416974105275
2021-11-17,0.0196897780923186
2021-11-18,0.02022156413968831
2021-11-19,0.020762788115378288
2021-11-22,0.021252780157468284
2021-11-23,0.021859734855728882
2021-11-24,0.022307867774427056
2021-11-25,0.0229794186501064
2021-11-26,0.02367033076856651
2021-11-29,0.023330521899566203
2021-11-30,0.023116039510701132
2021-12-01,0.02281404091767882
2021-12-02,0.02254879116800715
2021-12-03,0.02227202824804852
2021-12-06,0.022160070784465104
2021-12-07,0.0218929356572231
2021-12-08,0.021556213890088632
2021-12-09,0.02130940470127255
2021-12-10,0.021062398197882824
2021-12-13,0.020851025134396607
2021-12-14,0.02068870483226283
2021-12-15,0.020642747412724715
2021-12-16,0.020796325293701314
2021-12-17,0.020969356162026224
2021-12-20,0.021087872165931137
2021-12-21,0.021084158943874432
2021-12-22,0.02087731443902499
2021-12-23,0.02067992957183088
2021-12-24,0.02044509374173417
2021-12-29,0.02022985679248924
2021-12-30,0.019728597784433633
2021-12-31,0.019374355657400918
2022-01-03,0.01906864754391851
2022-01-04,0.018784420229999932
2022-01-05,0.018577798707161045
2022-01-06,0.018353188087994105
2022-01-07,0.018182550513653268
2022-01-10,0.018118904544076584
2022-01-11,0.018134895384916177
2022-01-12,0.017855014043437513
2022-01-13,0.017575052508292353
2022-01-14,0.017422115189258642
2022-01-17,0.017282072540018536
2022-01-18,0.017243786333847877
2022-01-19,0.01725001632370105
2022-01-20,0.017302654742926752
2022-01-21,0.01745918613689867
2022-01-24,0.01780146120479411
2022-01-25,0.018033728438749567
2022-01-26,0.018265936182662767
2022-01-27,0.018455336046457892
2022-01-28,0.018742206308575
2022-01-31,0.01914081374293614
2022-02-01,0.019584988212615843
2022-02-02,0.020035860220497075
2022-02-03,0.020554972800816203
2022-02-04,0.02111769725817887
2022-02-07,0.021474274129847655
2022-02-08,0.021926386919645834
2022-02-09,0.022508044331568288
2022-02-10,0.02318117204699481
2022-02-11,0.023931310467153435
2022-02-14,0.02476156011238433
2022-02-15,0.025459303835761518
2022-02-16,0.026089260918018196
2022-02-17,0.02680293585663494
2022-02-18,0.02765728840834084
2022-02-21,0.028667029732935376
2022-02-22,0.02964624476616758
2022-02-23,0.0308472971605675
2022-02-24,0.032305053248489035
2022-02-25,0.0338812950999878
2022-02-28,0.035719320841975905
2022-03-01,0.03744674404180766
2022-03-02,0.03876736676957904
2022-03-03,0.039733843341178444
2022-03-04,0.04087859823654782
2022-03-07,0.04165709351672194
2022-03-08,0.042474528235621554
2022-03-09,0.04334351821944078
2022-03-10,0.042965565732565165
2022-03-11,0.042862781552569146
2022-03-14,0.0430247613737264
2022-03-15,0.04289628480646193
2022-03-16,0.04252798353955952
2022-03-17,0.04244279361855426
2022-03-18,0.041810783165331586
2022-03-21,0.04146907147396381
2022-03-22,0.04083795569380345
2022-03-23,0.04039387222479366
2022-03-24,0.03985235908122881
2022-03-25,0.03950598012989459
2022-03-28,0.03927506815287807
2022-03-29,0.03877651244089076
2022-03-30,0.03853491932762747
2022-03-31,0.03825378534926755
2022-04-01,0.0374417530164351
2022-04-04,0.03689340212366647
2022-04-05,0.03648412070180956
2022-04-06,0.0362277832310228
2022-04-07,0.03582919455796599
2022-04-08,0.035608097096872265
2022-04-11,0.03553103032484493
2022-04-12,0.03542446324071853
2022-04-13,0.03491482765413986
2022-04-14,0.03447549195913262
2022-04-19,0.03409782344888238
2022-04-20,0.03355932312160735
2022-04-21,0.03323716857100977
2022-04-22,0.03301393409466882
2022-04-25,0.03290083399361202
2022-04-26,0.03246914901625073
2022-04-27,0.03201183301768508
2022-04-28,0.03170760432026592
2022-04-29,0.03144317925929533
2022-05-03,0.031271145912471134
2022-05-04,0.031136286644001043
2022-05-05,0.030698441458111424
2022-05-06,0.03045558382960801
2022-05-09,0.030287678147635267
2022-05-10,0.02965166012995793
2022-05-11,0.028967144277716805
2022-05-12,0.028074799060540865
2022-05-13,0.02733710576928241
2022-05-16,0.026559589950656787
2022-05-17,0.025775673476462736
2022-05-18,0.025067151203224072
2022-05-19,0.024356051042324647
2022-05-20,0.02367277181668641
2022-05-23,0.023076551094888566
2022-05-24,0.022674450309041583
2022-05-25,0.022315721837103314
2022-05-26,0.02214146332019768
2022-05-27,0.021841847551638
2022-05-30,0.021629863513508395
2022-05-31,0.021478226075054386
2022-06-01,0.021345258454009315
2022-06-03,0.021110673355843757
2022-06-06,0.02089462355530039
2022-06-07,0.020706654011335274
2022-06-08,0.020580674754799695
2022-06-09,0.02049407162535024
2022-06-10,0.020480515843813583
2022-06-13,0.020577136764156137
2022-06-14,0.020813205907491927
2022-06-15,0.02109724337286265
2022-06-16,0.021419256706770518
2022-06-17,0.021987170433310218
2022-06-20,0.02208772502779378
2022-06-21,0.02224430057569767
2022-06-22,0.022543306991111286
2022-06-23,0.022795055665900194
2022-06-24,0.023178241344512077
2022-06-27,0.023638398707849652
2022-06-28,0.024103439668198588
2022-06-29,0.0245354977257095
2022-06-30,0.02514297902471222
2022-07-01,0.025857203805669582
2022-07-04,0.02667412306822997
2022-07-05,0.02759272088566377
2022-07-06,0.027735594143021753
2022-07-07,0.028017405781278783
2022-07-08,0.028096867644571213
2022-07-11,0.028208450778193762
2022-07-12,0.02853989036403567
2022-07-13,0.028343161286165104
2022-07-14,0.02825476488090773
2022-07-15,0.028340621993136396
2022-07-18,0.028327980709164147
2022-07-19,0.028104464761812685
2022-07-20,0.027875213352908317
2022-07-21,0.027849214725755963
2022-07-22,0.027737370136636328
2022-07-25,0.027459403926806
2022-07-26,0.027282059445367077
2022-07-27,0.027293516387419482
2022-07-28,0.027281375089379088
2022-07-29,0.027400577089841137
2022-08-01,0.02755530322174718
2022-08-02,0.027556315717112256
2022-08-03,0.02763170724601591
2022-08-04,0.02758488387264232
2022-08-05,0.027313152375580543
2022-08-08,0.02717775635556376
2022-08-09,0.02689187701944664
2022-08-10,0.02682373752756459
2022-08-11,0.026853794236174542
2022-08-12,0.02689941473751496
2022-08-15,0.026829131941456873
2022-08-16,0.026498935803546817
2022-08-17,0.02615877681536599
2022-08-18,0.02578903482499088
2022-08-19,0.02566595427059934
2022-08-22,0.025687459344702207
2022-08-23,0.025784438429339068
2022-08-24,0.02560047083589509
2022-08-25,0.025518055534404137
2022-08-26,0.025599812935150554
2022-08-30,0.02567138436159196
2022-08-31,0.025844493077508045
2022-09-01,0.026037685603967756
2022-09-02,0.02589157406915062
2022-09-05,0.025883074444663694
2022-09-06,0.025990984109185444
2022-09-07,0.02606213138829868
2022-09-08,0.02591969121695905
2022-09-09,0.025733249572709126
2022-09-12,0.02534522726841571
2022-09-13,0.025083221738999135
2022-09-14,0.024956295231967806
2022-09-15,0.024874986909174585
2022-09-16,0.024610083572627145
2022-09-20,0.02452575714221153
2022-09-21,0.024581766368701314
2022-09-22,0.024747988135661255
2022-09-23,0.025067135466471074
2022-09-26,0.02474760007822252
2022-09-27,0.02453330883253358
2022-09-28,0.024155157754956448
2022-09-29,0.023552747910597624
2022-09-30,0.023148588758913687
2022-10-03,0.022818587649672734
2022-10-04,0.022495534760394773
2022-10-05,0.022062942188294694
2022-10-06,0.02179999949233806
2022-10-07,0.021615178629881847
2022-10-10,0.02133854583837137
2022-10-11,0.020999334965045226
2022-10-12,0.0207025213293984
2022-10-13,0.02041500922405448
2022-10-14,0.02010332091578881
2022-10-17,0.019671365792219293
2022-10-18,0.01930062884396048
2022-10-19,0.019042504106016114
2022-10-20,0.018741449016731835
2022-10-21,0.018501376867770508
2022-10-24,0.018374633348199082
2022-10-25,0.018382512136028362
2022-10-26,0.018439628419399133
2022-10-27,0.01858786729336492
2022-10-28,0.018810568956885036
2022-10-31,0.019109357317766605
2022-11-01,0.019405614942779474
2022-11-02,0.019735146854834174
2022-11-03,0.020178027714486735
2022-11-04,0.02073288631051983
2022-11-07,0.020964278303179693
2022-11-08,0.021287168229642335
2022-11-09,0.021545079623707712
2022-11-10,0.02161585598903473
2022-11-11,0.021708710954939748
2022-11-14,0.021800209556845446
